Support for Transformers v4 is deprecated. The Transformers v4 codepath will become unmaintained in vLLM v0.22.0 and will be removed in vLLM v0.24.0. Please upgrade to Transformers v5: pip install --upgrade transformers
Unknown vLLM environment variable detected: VLLM_MAX_MODEL_LEN
Unknown vLLM environment variable detected: VLLM_USE_V1
Enforce eager set, disabling torch.compile and CUDAGraphs. This is equivalent to setting -cc.mode=none -cc.cudagraph_mode=none
Inductor compilation was disabled by user settings, optimizations settings that are only active during inductor compilation will be ignored.
The tokenizer you are loading from 'orpheus-3b-NVFP4' with an incorrect regex pattern: https://huggingface.co/mistralai/Mistral-Small-3.1-24B-Instruct-2503/discussions/84#69121093e8b480e709447d5e. This will lead to incorrect tokenization. You should set the `fix_mistral_regex=True` flag when loading this tokenizer to fix this issue.
We must use the `spawn` multiprocessing start method. Overriding VLLM_WORKER_MULTIPROC_METHOD to 'spawn'. See https://docs.vllm.ai/en/latest/usage/troubleshooting.html#python-multiprocessing for more information. Reasons: CUDA is initialized
Support for Transformers v4 is deprecated. The Transformers v4 codepath will become unmaintained in vLLM v0.22.0 and will be removed in vLLM v0.24.0. Please upgrade to Transformers v5: pip install --upgrade transformers
Loading safetensors checkpoint shards:   0% Completed | 0/1 [00:00<?, ?it/s]
Loading safetensors checkpoint shards: 100% Completed | 1/1 [00:00<00:00,  5.08it/s]
Loading safetensors checkpoint shards: 100% Completed | 1/1 [00:00<00:00,  5.07it/s]

EngineCore failed to start.
Traceback (most recent call last):
  File "/home/arnur/fp4-speech/.venv/lib/python3.12/site-packages/flashinfer/jit/cpp_ext.py", line 368, in run_ninja
    subprocess.run(
  File "/usr/lib/python3.12/subprocess.py", line 571, in run
    raise CalledProcessError(retcode, process.args,
subprocess.CalledProcessError: Command '['ninja', '-v', '-C', '/home/arnur/.cache/flashinfer/0.6.11.post2/120f/cached_ops/fp4_gemm_cutlass_sm120', '-f', '/home/arnur/.cache/flashinfer/0.6.11.post2/120f/cached_ops/fp4_gemm_cutlass_sm120/build.ninja']' returned non-zero exit status 1.

The above exception was the direct cause of the following exception:

Traceback (most recent call last):
  File "/home/arnur/fp4-speech/.venv/lib/python3.12/site-packages/vllm/v1/engine/core.py", line 1139, in run_engine_core
    engine_core = EngineCoreProc(*args, engine_index=dp_rank, **kwargs)
                  ^^^^^^^^^^^^^^^^^^^^^^^^^^^^^^^^^^^^^^^^^^^^^^^^^^^^^
  File "/home/arnur/fp4-speech/.venv/lib/python3.12/site-packages/vllm/tracing/otel.py", line 178, in sync_wrapper
    return func(*args, **kwargs)
           ^^^^^^^^^^^^^^^^^^^^^
  File "/home/arnur/fp4-speech/.venv/lib/python3.12/site-packages/vllm/v1/engine/core.py", line 905, in __init__
    super().__init__(
  File "/home/arnur/fp4-speech/.venv/lib/python3.12/site-packages/vllm/v1/engine/core.py", line 131, in __init__
    kv_cache_config = self._initialize_kv_caches(vllm_config)
                      ^^^^^^^^^^^^^^^^^^^^^^^^^^^^^^^^^^^^^^^
  File "/home/arnur/fp4-speech/.venv/lib/python3.12/site-packages/vllm/tracing/otel.py", line 178, in sync_wrapper
    return func(*args, **kwargs)
           ^^^^^^^^^^^^^^^^^^^^^
  File "/home/arnur/fp4-speech/.venv/lib/python3.12/site-packages/vllm/v1/engine/core.py", line 253, in _initialize_kv_caches
    available_gpu_memory = self.model_executor.determine_available_memory()
                           ^^^^^^^^^^^^^^^^^^^^^^^^^^^^^^^^^^^^^^^^^^^^^^^^
  File "/home/arnur/fp4-speech/.venv/lib/python3.12/site-packages/vllm/v1/executor/abstract.py", line 147, in determine_available_memory
    return self.collective_rpc("determine_available_memory")
           ^^^^^^^^^^^^^^^^^^^^^^^^^^^^^^^^^^^^^^^^^^^^^^^^^
  File "/home/arnur/fp4-speech/.venv/lib/python3.12/site-packages/vllm/v1/executor/uniproc_executor.py", line 93, in collective_rpc
    result = run_method(self.driver_worker, method, args, kwargs)
             ^^^^^^^^^^^^^^^^^^^^^^^^^^^^^^^^^^^^^^^^^^^^^^^^^^^^
  File "/home/arnur/fp4-speech/.venv/lib/python3.12/site-packages/vllm/v1/serial_utils.py", line 510, in run_method
    return func(*args, **kwargs)
           ^^^^^^^^^^^^^^^^^^^^^
  File "/home/arnur/fp4-speech/.venv/lib/python3.12/site-packages/torch/utils/_contextlib.py", line 124, in decorate_context
    return func(*args, **kwargs)
           ^^^^^^^^^^^^^^^^^^^^^
  File "/home/arnur/fp4-speech/.venv/lib/python3.12/site-packages/vllm/v1/worker/gpu_worker.py", line 396, in determine_available_memory
    self.model_runner.profile_run()
  File "/home/arnur/fp4-speech/.venv/lib/python3.12/site-packages/vllm/v1/worker/gpu_model_runner.py", line 6164, in profile_run
    hidden_states, last_hidden_states = self._dummy_run(
                                        ^^^^^^^^^^^^^^^^
  File "/home/arnur/fp4-speech/.venv/lib/python3.12/site-packages/torch/utils/_contextlib.py", line 124, in decorate_context
    return func(*args, **kwargs)
           ^^^^^^^^^^^^^^^^^^^^^
  File "/home/arnur/fp4-speech/.venv/lib/python3.12/site-packages/vllm/v1/worker/gpu_model_runner.py", line 5824, in _dummy_run
    outputs = self.model(
              ^^^^^^^^^^^
  File "/home/arnur/fp4-speech/.venv/lib/python3.12/site-packages/torch/nn/modules/module.py", line 1779, in _wrapped_call_impl
    return self._call_impl(*args, **kwargs)
           ^^^^^^^^^^^^^^^^^^^^^^^^^^^^^^^^
  File "/home/arnur/fp4-speech/.venv/lib/python3.12/site-packages/torch/nn/modules/module.py", line 1790, in _call_impl
    return forward_call(*args, **kwargs)
           ^^^^^^^^^^^^^^^^^^^^^^^^^^^^^
  File "/home/arnur/fp4-speech/.venv/lib/python3.12/site-packages/vllm/model_executor/models/llama.py", line 572, in forward
    model_output = self.model(
                   ^^^^^^^^^^^
  File "/home/arnur/fp4-speech/.venv/lib/python3.12/site-packages/vllm/compilation/decorators.py", line 507, in __call__
    return self.forward(*args, **kwargs)
           ^^^^^^^^^^^^^^^^^^^^^^^^^^^^^
  File "/home/arnur/fp4-speech/.venv/lib/python3.12/site-packages/vllm/model_executor/models/llama.py", line 418, in forward
    hidden_states, residual = layer(
                              ^^^^^^
  File "/home/arnur/fp4-speech/.venv/lib/python3.12/site-packages/torch/nn/modules/module.py", line 1779, in _wrapped_call_impl
    return self._call_impl(*args, **kwargs)
           ^^^^^^^^^^^^^^^^^^^^^^^^^^^^^^^^
  File "/home/arnur/fp4-speech/.venv/lib/python3.12/site-packages/torch/nn/modules/module.py", line 1790, in _call_impl
    return forward_call(*args, **kwargs)
           ^^^^^^^^^^^^^^^^^^^^^^^^^^^^^
  File "/home/arnur/fp4-speech/.venv/lib/python3.12/site-packages/vllm/model_executor/models/llama.py", line 328, in forward
    hidden_states = self.self_attn(positions=positions, hidden_states=hidden_states)
                    ^^^^^^^^^^^^^^^^^^^^^^^^^^^^^^^^^^^^^^^^^^^^^^^^^^^^^^^^^^^^^^^^
  File "/home/arnur/fp4-speech/.venv/lib/python3.12/site-packages/torch/nn/modules/module.py", line 1779, in _wrapped_call_impl
    return self._call_impl(*args, **kwargs)
           ^^^^^^^^^^^^^^^^^^^^^^^^^^^^^^^^
  File "/home/arnur/fp4-speech/.venv/lib/python3.12/site-packages/torch/nn/modules/module.py", line 1790, in _call_impl
    return forward_call(*args, **kwargs)
           ^^^^^^^^^^^^^^^^^^^^^^^^^^^^^
  File "/home/arnur/fp4-speech/.venv/lib/python3.12/site-packages/vllm/model_executor/models/llama.py", line 228, in forward
    qkv, _ = self.qkv_proj(hidden_states)
             ^^^^^^^^^^^^^^^^^^^^^^^^^^^^
  File "/home/arnur/fp4-speech/.venv/lib/python3.12/site-packages/torch/nn/modules/module.py", line 1779, in _wrapped_call_impl
    return self._call_impl(*args, **kwargs)
           ^^^^^^^^^^^^^^^^^^^^^^^^^^^^^^^^
  File "/home/arnur/fp4-speech/.venv/lib/python3.12/site-packages/torch/nn/modules/module.py", line 1790, in _call_impl
    return forward_call(*args, **kwargs)
           ^^^^^^^^^^^^^^^^^^^^^^^^^^^^^
  File "/home/arnur/fp4-speech/.venv/lib/python3.12/site-packages/vllm/model_executor/layers/linear.py", line 585, in forward
    output_parallel = self.quant_method.apply(self, input_, bias)
                      ^^^^^^^^^^^^^^^^^^^^^^^^^^^^^^^^^^^^^^^^^^^
  File "/home/arnur/fp4-speech/.venv/lib/python3.12/site-packages/vllm/model_executor/layers/quantization/compressed_tensors/compressed_tensors.py", line 851, in apply
    return scheme.apply_weights(layer, x, bias=bias)
           ^^^^^^^^^^^^^^^^^^^^^^^^^^^^^^^^^^^^^^^^^
  File "/home/arnur/fp4-speech/.venv/lib/python3.12/site-packages/vllm/model_executor/layers/quantization/compressed_tensors/schemes/compressed_tensors_w4a4_nvfp4.py", line 132, in apply_weights
    return self.kernel.apply_weights(layer=layer, x=x, bias=bias)
           ^^^^^^^^^^^^^^^^^^^^^^^^^^^^^^^^^^^^^^^^^^^^^^^^^^^^^^
  File "/home/arnur/fp4-speech/.venv/lib/python3.12/site-packages/vllm/model_executor/kernels/linear/nvfp4/flashinfer.py", line 75, in apply_weights
    out = flashinfer_scaled_fp4_mm(
          ^^^^^^^^^^^^^^^^^^^^^^^^^
  File "/home/arnur/fp4-speech/.venv/lib/python3.12/site-packages/vllm/utils/flashinfer.py", line 747, in flashinfer_scaled_fp4_mm
    return flashinfer_mm_fp4(
           ^^^^^^^^^^^^^^^^^^
  File "/home/arnur/fp4-speech/.venv/lib/python3.12/site-packages/torch/_library/custom_ops.py", line 698, in __call__
    return self._opoverload(*args, **kwargs)
           ^^^^^^^^^^^^^^^^^^^^^^^^^^^^^^^^^
  File "/home/arnur/fp4-speech/.venv/lib/python3.12/site-packages/torch/_ops.py", line 865, in __call__
    return self._op(*args, **kwargs)
           ^^^^^^^^^^^^^^^^^^^^^^^^^
  File "/home/arnur/fp4-speech/.venv/lib/python3.12/site-packages/torch/_library/custom_ops.py", line 347, in backend_impl
    result = self._backend_fns[device_type](*args, **kwargs)
             ^^^^^^^^^^^^^^^^^^^^^^^^^^^^^^^^^^^^^^^^^^^^^^^
  File "/home/arnur/fp4-speech/.venv/lib/python3.12/site-packages/torch/_compile.py", line 54, in inner
    return disable_fn(*args, **kwargs)
           ^^^^^^^^^^^^^^^^^^^^^^^^^^^
  File "/home/arnur/fp4-speech/.venv/lib/python3.12/site-packages/torch/_dynamo/eval_frame.py", line 1263, in _fn
    return fn(*args, **kwargs)
           ^^^^^^^^^^^^^^^^^^^
  File "/home/arnur/fp4-speech/.venv/lib/python3.12/site-packages/torch/_library/custom_ops.py", line 382, in wrapped_fn
    return fn(*args, **kwargs)
           ^^^^^^^^^^^^^^^^^^^
  File "/home/arnur/fp4-speech/.venv/lib/python3.12/site-packages/vllm/utils/flashinfer.py", line 524, in flashinfer_mm_fp4
    return flashinfer_mm_fp4_(
           ^^^^^^^^^^^^^^^^^^^
  File "/home/arnur/fp4-speech/.venv/lib/python3.12/site-packages/flashinfer/utils.py", line 1260, in wrapper
    return func(*args, **kwargs)
           ^^^^^^^^^^^^^^^^^^^^^
  File "/home/arnur/fp4-speech/.venv/lib/python3.12/site-packages/flashinfer/api_logging.py", line 1546, in _auto_dump_wrapper
    return _inner(*args, **kwargs)
           ^^^^^^^^^^^^^^^^^^^^^^^
  File "/home/arnur/fp4-speech/.venv/lib/python3.12/site-packages/flashinfer/gemm/gemm_base.py", line 6044, in mm_fp4
    runners = [backend_to_runner_factory[cur_backend]() for cur_backend in backends]
               ^^^^^^^^^^^^^^^^^^^^^^^^^^^^^^^^^^^^^^^^
  File "/home/arnur/fp4-speech/.venv/lib/python3.12/site-packages/flashinfer/gemm/gemm_base.py", line 6034, in <lambda>
    "cutlass": lambda: get_cutlass_fp4_gemm_module(
                       ^^^^^^^^^^^^^^^^^^^^^^^^^^^^
  File "/home/arnur/fp4-speech/.venv/lib/python3.12/site-packages/flashinfer/gemm/gemm_base.py", line 1419, in get_cutlass_fp4_gemm_module
    return get_gemm_sm120_module_cutlass_fp4()
           ^^^^^^^^^^^^^^^^^^^^^^^^^^^^^^^^^^^
  File "/home/arnur/fp4-speech/.venv/lib/python3.12/site-packages/flashinfer/gemm/gemm_base.py", line 1403, in get_gemm_sm120_module_cutlass_fp4
    module = gen_gemm_sm120_module_cutlass_fp4().build_and_load()
             ^^^^^^^^^^^^^^^^^^^^^^^^^^^^^^^^^^^^^^^^^^^^^^^^^^^^
  File "/home/arnur/fp4-speech/.venv/lib/python3.12/site-packages/flashinfer/jit/core.py", line 316, in build_and_load
    self.build(verbose, need_lock=False)
  File "/home/arnur/fp4-speech/.venv/lib/python3.12/site-packages/flashinfer/jit/core.py", line 302, in build
    run_ninja(self.build_dir, self.ninja_path, verbose)
  File "/home/arnur/fp4-speech/.venv/lib/python3.12/site-packages/flashinfer/jit/cpp_ext.py", line 380, in run_ninja
    raise RuntimeError(msg) from e
RuntimeError: Ninja build failed. Ninja output:
ninja: Entering directory `/home/arnur/.cache/flashinfer/0.6.11.post2/120f/cached_ops/fp4_gemm_cutlass_sm120'
[1/18]  /home/arnur/fp4-speech/.venv/lib/python3.12/site-packages/nvidia/cu13/bin/nvcc --generate-dependencies-with-compile -MF /home/arnur/.cache/flashinfer/0.6.11.post2/120f/cached_ops/fp4_gemm_cutlass_sm120/gen_gemm_sm120_cutlass_fp4_fp4_gemm_cutlass___nv_bfloat16_128_256_128.cuda.o.d -DPy_LIMITED_API=0x03090000 -D_GLIBCXX_USE_CXX11_ABI=1 -I/home/arnur/fp4-speech/.venv/lib/python3.12/site-packages/flashinfer/data/cccl/cub -I/home/arnur/fp4-speech/.venv/lib/python3.12/site-packages/flashinfer/data/cccl/libcudacxx/include -I/home/arnur/fp4-speech/.venv/lib/python3.12/site-packages/flashinfer/data/cccl/thrust -isystem /usr/include/python3.12 -isystem /home/arnur/fp4-speech/.venv/lib/python3.12/site-packages/nvidia/cu13/include -isystem /home/arnur/fp4-speech/.venv/lib/python3.12/site-packages/tvm_ffi/include -isystem /home/arnur/fp4-speech/.venv/lib/python3.12/site-packages/tvm_ffi/include -isystem /home/arnur/fp4-speech/.venv/lib/python3.12/site-packages/flashinfer/data/include -isystem /home/arnur/fp4-speech/.venv/lib/python3.12/site-packages/flashinfer/data/csrc -isystem /home/arnur/fp4-speech/.venv/lib/python3.12/site-packages/flashinfer/data/cutlass/include -isystem /home/arnur/fp4-speech/.venv/lib/python3.12/site-packages/flashinfer/data/cutlass/tools/util/include -isystem /home/arnur/fp4-speech/.venv/lib/python3.12/site-packages/flashinfer/data/spdlog/include --compiler-options=-fPIC --expt-relaxed-constexpr -static-global-template-stub=false -DFLASHINFER_ENABLE_FP8_E8M0 -DFLASHINFER_ENABLE_FP4_E2M1 -std=c++17 --threads=1 -use_fast_math -DFLASHINFER_ENABLE_F16 -DFLASHINFER_ENABLE_BF16 -DFLASHINFER_ENABLE_FP8_E4M3 -DFLASHINFER_ENABLE_FP8_E5M2 -DNDEBUG -O3 -gencode=arch=compute_120f,code=sm_120f -DFLASHINFER_ENABLE_FP8_E8M0 -DFLASHINFER_ENABLE_FP4_E2M1 -DENABLE_BF16 -DENABLE_FP4 -DCUTLASS_ENABLE_GDC_FOR_SM100=1 -c /home/arnur/.cache/flashinfer/0.6.11.post2/120f/generated/gen_gemm_sm120_cutlass_fp4/fp4_gemm_cutlass___nv_bfloat16_128_256_128.cu -o /home/arnur/.cache/flashinfer/0.6.11.post2/120f/cached_ops/fp4_gemm_cutlass_sm120/gen_gemm_sm120_cutlass_fp4_fp4_gemm_cutlass___nv_bfloat16_128_256_128.cuda.o 
FAILED: [code=1] /home/arnur/.cache/flashinfer/0.6.11.post2/120f/cached_ops/fp4_gemm_cutlass_sm120/gen_gemm_sm120_cutlass_fp4_fp4_gemm_cutlass___nv_bfloat16_128_256_128.cuda.o 
 /home/arnur/fp4-speech/.venv/lib/python3.12/site-packages/nvidia/cu13/bin/nvcc --generate-dependencies-with-compile -MF /home/arnur/.cache/flashinfer/0.6.11.post2/120f/cached_ops/fp4_gemm_cutlass_sm120/gen_gemm_sm120_cutlass_fp4_fp4_gemm_cutlass___nv_bfloat16_128_256_128.cuda.o.d -DPy_LIMITED_API=0x03090000 -D_GLIBCXX_USE_CXX11_ABI=1 -I/home/arnur/fp4-speech/.venv/lib/python3.12/site-packages/flashinfer/data/cccl/cub -I/home/arnur/fp4-speech/.venv/lib/python3.12/site-packages/flashinfer/data/cccl/libcudacxx/include -I/home/arnur/fp4-speech/.venv/lib/python3.12/site-packages/flashinfer/data/cccl/thrust -isystem /usr/include/python3.12 -isystem /home/arnur/fp4-speech/.venv/lib/python3.12/site-packages/nvidia/cu13/include -isystem /home/arnur/fp4-speech/.venv/lib/python3.12/site-packages/tvm_ffi/include -isystem /home/arnur/fp4-speech/.venv/lib/python3.12/site-packages/tvm_ffi/include -isystem /home/arnur/fp4-speech/.venv/lib/python3.12/site-packages/flashinfer/data/include -isystem /home/arnur/fp4-speech/.venv/lib/python3.12/site-packages/flashinfer/data/csrc -isystem /home/arnur/fp4-speech/.venv/lib/python3.12/site-packages/flashinfer/data/cutlass/include -isystem /home/arnur/fp4-speech/.venv/lib/python3.12/site-packages/flashinfer/data/cutlass/tools/util/include -isystem /home/arnur/fp4-speech/.venv/lib/python3.12/site-packages/flashinfer/data/spdlog/include --compiler-options=-fPIC --expt-relaxed-constexpr -static-global-template-stub=false -DFLASHINFER_ENABLE_FP8_E8M0 -DFLASHINFER_ENABLE_FP4_E2M1 -std=c++17 --threads=1 -use_fast_math -DFLASHINFER_ENABLE_F16 -DFLASHINFER_ENABLE_BF16 -DFLASHINFER_ENABLE_FP8_E4M3 -DFLASHINFER_ENABLE_FP8_E5M2 -DNDEBUG -O3 -gencode=arch=compute_120f,code=sm_120f -DFLASHINFER_ENABLE_FP8_E8M0 -DFLASHINFER_ENABLE_FP4_E2M1 -DENABLE_BF16 -DENABLE_FP4 -DCUTLASS_ENABLE_GDC_FOR_SM100=1 -c /home/arnur/.cache/flashinfer/0.6.11.post2/120f/generated/gen_gemm_sm120_cutlass_fp4/fp4_gemm_cutlass___nv_bfloat16_128_256_128.cu -o /home/arnur/.cache/flashinfer/0.6.11.post2/120f/cached_ops/fp4_gemm_cutlass_sm120/gen_gemm_sm120_cutlass_fp4_fp4_gemm_cutlass___nv_bfloat16_128_256_128.cuda.o 
In file included from /home/arnur/fp4-speech/.venv/lib/python3.12/site-packages/flashinfer/data/cccl/libcudacxx/include/cuda/std/__cccl/extended_data_types.h:26,
                 from /home/arnur/fp4-speech/.venv/lib/python3.12/site-packages/flashinfer/data/cccl/libcudacxx/include/cuda/std/__cccl/builtin.h:26,
                 from /home/arnur/fp4-speech/.venv/lib/python3.12/site-packages/flashinfer/data/cccl/libcudacxx/include/cuda/std/__cccl/dialect.h:25,
                 from /home/arnur/fp4-speech/.venv/lib/python3.12/site-packages/flashinfer/data/cccl/libcudacxx/include/cuda/std/__cccl/attributes.h:26,
                 from /home/arnur/fp4-speech/.venv/lib/python3.12/site-packages/flashinfer/data/cccl/libcudacxx/include/cuda/std/__cccl/assert.h:25,
                 from /home/arnur/fp4-speech/.venv/lib/python3.12/site-packages/flashinfer/data/cccl/libcudacxx/include/cuda/__cccl_config:15,
                 from /home/arnur/fp4-speech/.venv/lib/python3.12/site-packages/flashinfer/data/cccl/libcudacxx/include/cuda/std/__internal/atomic.h:13,
                 from /home/arnur/fp4-speech/.venv/lib/python3.12/site-packages/flashinfer/data/cccl/libcudacxx/include/cuda/std/detail/__config:14,
                 from /home/arnur/fp4-speech/.venv/lib/python3.12/site-packages/flashinfer/data/cccl/libcudacxx/include/cuda/std/utility:14,
                 from /home/arnur/fp4-speech/.venv/lib/python3.12/site-packages/flashinfer/data/cutlass/include/cutlass/fast_math.h:42,
                 from /home/arnur/fp4-speech/.venv/lib/python3.12/site-packages/flashinfer/data/cutlass/include/cute/numeric/math.hpp:36,
                 from /home/arnur/fp4-speech/.venv/lib/python3.12/site-packages/flashinfer/data/cutlass/include/cute/numeric/integral_constant.hpp:33,
                 from /home/arnur/fp4-speech/.venv/lib/python3.12/site-packages/flashinfer/data/cutlass/include/cute/numeric/integer_sequence.hpp:35,
                 from /home/arnur/fp4-speech/.venv/lib/python3.12/site-packages/flashinfer/data/cutlass/include/cute/arch/util.hpp:34,
                 from /home/arnur/fp4-speech/.venv/lib/python3.12/site-packages/flashinfer/data/cutlass/include/cute/arch/copy.hpp:35,
                 from /home/arnur/fp4-speech/.venv/lib/python3.12/site-packages/flashinfer/data/cutlass/include/cutlass/epilogue/collective/collective_builder.hpp:33,
                 from /home/arnur/fp4-speech/.venv/lib/python3.12/site-packages/flashinfer/data/include/flashinfer/gemm/fp4_gemm_cutlass_template_sm120.h:27,
                 from /home/arnur/.cache/flashinfer/0.6.11.post2/120f/generated/gen_gemm_sm120_cutlass_fp4/fp4_gemm_cutlass___nv_bfloat16_128_256_128.cu:18:
/home/arnur/fp4-speech/.venv/lib/python3.12/site-packages/flashinfer/data/cccl/libcudacxx/include/cuda/std/__cccl/cuda_toolkit.h:41:8: error: #error "CUDA compiler and CUDA toolkit headers are incompatible, please check your include paths"
   41 | #      error "CUDA compiler and CUDA toolkit headers are incompatible, please check your include paths"
      |        ^~~~~
[2/18]  /home/arnur/fp4-speech/.venv/lib/python3.12/site-packages/nvidia/cu13/bin/nvcc --generate-dependencies-with-compile -MF /home/arnur/.cache/flashinfer/0.6.11.post2/120f/cached_ops/fp4_gemm_cutlass_sm120/gen_gemm_sm120_cutlass_fp4_fp4_gemm_cutlass_half_128_128_128.cuda.o.d -DPy_LIMITED_API=0x03090000 -D_GLIBCXX_USE_CXX11_ABI=1 -I/home/arnur/fp4-speech/.venv/lib/python3.12/site-packages/flashinfer/data/cccl/cub -I/home/arnur/fp4-speech/.venv/lib/python3.12/site-packages/flashinfer/data/cccl/libcudacxx/include -I/home/arnur/fp4-speech/.venv/lib/python3.12/site-packages/flashinfer/data/cccl/thrust -isystem /usr/include/python3.12 -isystem /home/arnur/fp4-speech/.venv/lib/python3.12/site-packages/nvidia/cu13/include -isystem /home/arnur/fp4-speech/.venv/lib/python3.12/site-packages/tvm_ffi/include -isystem /home/arnur/fp4-speech/.venv/lib/python3.12/site-packages/tvm_ffi/include -isystem /home/arnur/fp4-speech/.venv/lib/python3.12/site-packages/flashinfer/data/include -isystem /home/arnur/fp4-speech/.venv/lib/python3.12/site-packages/flashinfer/data/csrc -isystem /home/arnur/fp4-speech/.venv/lib/python3.12/site-packages/flashinfer/data/cutlass/include -isystem /home/arnur/fp4-speech/.venv/lib/python3.12/site-packages/flashinfer/data/cutlass/tools/util/include -isystem /home/arnur/fp4-speech/.venv/lib/python3.12/site-packages/flashinfer/data/spdlog/include --compiler-options=-fPIC --expt-relaxed-constexpr -static-global-template-stub=false -DFLASHINFER_ENABLE_FP8_E8M0 -DFLASHINFER_ENABLE_FP4_E2M1 -std=c++17 --threads=1 -use_fast_math -DFLASHINFER_ENABLE_F16 -DFLASHINFER_ENABLE_BF16 -DFLASHINFER_ENABLE_FP8_E4M3 -DFLASHINFER_ENABLE_FP8_E5M2 -DNDEBUG -O3 -gencode=arch=compute_120f,code=sm_120f -DFLASHINFER_ENABLE_FP8_E8M0 -DFLASHINFER_ENABLE_FP4_E2M1 -DENABLE_BF16 -DENABLE_FP4 -DCUTLASS_ENABLE_GDC_FOR_SM100=1 -c /home/arnur/.cache/flashinfer/0.6.11.post2/120f/generated/gen_gemm_sm120_cutlass_fp4/fp4_gemm_cutlass_half_128_128_128.cu -o /home/arnur/.cache/flashinfer/0.6.11.post2/120f/cached_ops/fp4_gemm_cutlass_sm120/gen_gemm_sm120_cutlass_fp4_fp4_gemm_cutlass_half_128_128_128.cuda.o 
FAILED: [code=1] /home/arnur/.cache/flashinfer/0.6.11.post2/120f/cached_ops/fp4_gemm_cutlass_sm120/gen_gemm_sm120_cutlass_fp4_fp4_gemm_cutlass_half_128_128_128.cuda.o 
 /home/arnur/fp4-speech/.venv/lib/python3.12/site-packages/nvidia/cu13/bin/nvcc --generate-dependencies-with-compile -MF /home/arnur/.cache/flashinfer/0.6.11.post2/120f/cached_ops/fp4_gemm_cutlass_sm120/gen_gemm_sm120_cutlass_fp4_fp4_gemm_cutlass_half_128_128_128.cuda.o.d -DPy_LIMITED_API=0x03090000 -D_GLIBCXX_USE_CXX11_ABI=1 -I/home/arnur/fp4-speech/.venv/lib/python3.12/site-packages/flashinfer/data/cccl/cub -I/home/arnur/fp4-speech/.venv/lib/python3.12/site-packages/flashinfer/data/cccl/libcudacxx/include -I/home/arnur/fp4-speech/.venv/lib/python3.12/site-packages/flashinfer/data/cccl/thrust -isystem /usr/include/python3.12 -isystem /home/arnur/fp4-speech/.venv/lib/python3.12/site-packages/nvidia/cu13/include -isystem /home/arnur/fp4-speech/.venv/lib/python3.12/site-packages/tvm_ffi/include -isystem /home/arnur/fp4-speech/.venv/lib/python3.12/site-packages/tvm_ffi/include -isystem /home/arnur/fp4-speech/.venv/lib/python3.12/site-packages/flashinfer/data/include -isystem /home/arnur/fp4-speech/.venv/lib/python3.12/site-packages/flashinfer/data/csrc -isystem /home/arnur/fp4-speech/.venv/lib/python3.12/site-packages/flashinfer/data/cutlass/include -isystem /home/arnur/fp4-speech/.venv/lib/python3.12/site-packages/flashinfer/data/cutlass/tools/util/include -isystem /home/arnur/fp4-speech/.venv/lib/python3.12/site-packages/flashinfer/data/spdlog/include --compiler-options=-fPIC --expt-relaxed-constexpr -static-global-template-stub=false -DFLASHINFER_ENABLE_FP8_E8M0 -DFLASHINFER_ENABLE_FP4_E2M1 -std=c++17 --threads=1 -use_fast_math -DFLASHINFER_ENABLE_F16 -DFLASHINFER_ENABLE_BF16 -DFLASHINFER_ENABLE_FP8_E4M3 -DFLASHINFER_ENABLE_FP8_E5M2 -DNDEBUG -O3 -gencode=arch=compute_120f,code=sm_120f -DFLASHINFER_ENABLE_FP8_E8M0 -DFLASHINFER_ENABLE_FP4_E2M1 -DENABLE_BF16 -DENABLE_FP4 -DCUTLASS_ENABLE_GDC_FOR_SM100=1 -c /home/arnur/.cache/flashinfer/0.6.11.post2/120f/generated/gen_gemm_sm120_cutlass_fp4/fp4_gemm_cutlass_half_128_128_128.cu -o /home/arnur/.cache/flashinfer/0.6.11.post2/120f/cached_ops/fp4_gemm_cutlass_sm120/gen_gemm_sm120_cutlass_fp4_fp4_gemm_cutlass_half_128_128_128.cuda.o 
In file included from /home/arnur/fp4-speech/.venv/lib/python3.12/site-packages/flashinfer/data/cccl/libcudacxx/include/cuda/std/__cccl/extended_data_types.h:26,
                 from /home/arnur/fp4-speech/.venv/lib/python3.12/site-packages/flashinfer/data/cccl/libcudacxx/include/cuda/std/__cccl/builtin.h:26,
                 from /home/arnur/fp4-speech/.venv/lib/python3.12/site-packages/flashinfer/data/cccl/libcudacxx/include/cuda/std/__cccl/dialect.h:25,
                 from /home/arnur/fp4-speech/.venv/lib/python3.12/site-packages/flashinfer/data/cccl/libcudacxx/include/cuda/std/__cccl/attributes.h:26,
                 from /home/arnur/fp4-speech/.venv/lib/python3.12/site-packages/flashinfer/data/cccl/libcudacxx/include/cuda/std/__cccl/assert.h:25,
                 from /home/arnur/fp4-speech/.venv/lib/python3.12/site-packages/flashinfer/data/cccl/libcudacxx/include/cuda/__cccl_config:15,
                 from /home/arnur/fp4-speech/.venv/lib/python3.12/site-packages/flashinfer/data/cccl/libcudacxx/include/cuda/std/__internal/atomic.h:13,
                 from /home/arnur/fp4-speech/.venv/lib/python3.12/site-packages/flashinfer/data/cccl/libcudacxx/include/cuda/std/detail/__config:14,
                 from /home/arnur/fp4-speech/.venv/lib/python3.12/site-packages/flashinfer/data/cccl/libcudacxx/include/cuda/std/utility:14,
                 from /home/arnur/fp4-speech/.venv/lib/python3.12/site-packages/flashinfer/data/cutlass/include/cutlass/fast_math.h:42,
                 from /home/arnur/fp4-speech/.venv/lib/python3.12/site-packages/flashinfer/data/cutlass/include/cute/numeric/math.hpp:36,
                 from /home/arnur/fp4-speech/.venv/lib/python3.12/site-packages/flashinfer/data/cutlass/include/cute/numeric/integral_constant.hpp:33,
                 from /home/arnur/fp4-speech/.venv/lib/python3.12/site-packages/flashinfer/data/cutlass/include/cute/numeric/integer_sequence.hpp:35,
                 from /home/arnur/fp4-speech/.venv/lib/python3.12/site-packages/flashinfer/data/cutlass/include/cute/arch/util.hpp:34,
                 from /home/arnur/fp4-speech/.venv/lib/python3.12/site-packages/flashinfer/data/cutlass/include/cute/arch/copy.hpp:35,
                 from /home/arnur/fp4-speech/.venv/lib/python3.12/site-packages/flashinfer/data/cutlass/include/cutlass/epilogue/collective/collective_builder.hpp:33,
                 from /home/arnur/fp4-speech/.venv/lib/python3.12/site-packages/flashinfer/data/include/flashinfer/gemm/fp4_gemm_cutlass_template_sm120.h:27,
                 from /home/arnur/.cache/flashinfer/0.6.11.post2/120f/generated/gen_gemm_sm120_cutlass_fp4/fp4_gemm_cutlass_half_128_128_128.cu:18:
/home/arnur/fp4-speech/.venv/lib/python3.12/site-packages/flashinfer/data/cccl/libcudacxx/include/cuda/std/__cccl/cuda_toolkit.h:41:8: error: #error "CUDA compiler and CUDA toolkit headers are incompatible, please check your include paths"
   41 | #      error "CUDA compiler and CUDA toolkit headers are incompatible, please check your include paths"
      |        ^~~~~
[3/18]  /home/arnur/fp4-speech/.venv/lib/python3.12/site-packages/nvidia/cu13/bin/nvcc --generate-dependencies-with-compile -MF /home/arnur/.cache/flashinfer/0.6.11.post2/120f/cached_ops/fp4_gemm_cutlass_sm120/gen_gemm_sm120_cutlass_fp4_fp4_gemm_cutlass_half_128_128_256.cuda.o.d -DPy_LIMITED_API=0x03090000 -D_GLIBCXX_USE_CXX11_ABI=1 -I/home/arnur/fp4-speech/.venv/lib/python3.12/site-packages/flashinfer/data/cccl/cub -I/home/arnur/fp4-speech/.venv/lib/python3.12/site-packages/flashinfer/data/cccl/libcudacxx/include -I/home/arnur/fp4-speech/.venv/lib/python3.12/site-packages/flashinfer/data/cccl/thrust -isystem /usr/include/python3.12 -isystem /home/arnur/fp4-speech/.venv/lib/python3.12/site-packages/nvidia/cu13/include -isystem /home/arnur/fp4-speech/.venv/lib/python3.12/site-packages/tvm_ffi/include -isystem /home/arnur/fp4-speech/.venv/lib/python3.12/site-packages/tvm_ffi/include -isystem /home/arnur/fp4-speech/.venv/lib/python3.12/site-packages/flashinfer/data/include -isystem /home/arnur/fp4-speech/.venv/lib/python3.12/site-packages/flashinfer/data/csrc -isystem /home/arnur/fp4-speech/.venv/lib/python3.12/site-packages/flashinfer/data/cutlass/include -isystem /home/arnur/fp4-speech/.venv/lib/python3.12/site-packages/flashinfer/data/cutlass/tools/util/include -isystem /home/arnur/fp4-speech/.venv/lib/python3.12/site-packages/flashinfer/data/spdlog/include --compiler-options=-fPIC --expt-relaxed-constexpr -static-global-template-stub=false -DFLASHINFER_ENABLE_FP8_E8M0 -DFLASHINFER_ENABLE_FP4_E2M1 -std=c++17 --threads=1 -use_fast_math -DFLASHINFER_ENABLE_F16 -DFLASHINFER_ENABLE_BF16 -DFLASHINFER_ENABLE_FP8_E4M3 -DFLASHINFER_ENABLE_FP8_E5M2 -DNDEBUG -O3 -gencode=arch=compute_120f,code=sm_120f -DFLASHINFER_ENABLE_FP8_E8M0 -DFLASHINFER_ENABLE_FP4_E2M1 -DENABLE_BF16 -DENABLE_FP4 -DCUTLASS_ENABLE_GDC_FOR_SM100=1 -c /home/arnur/.cache/flashinfer/0.6.11.post2/120f/generated/gen_gemm_sm120_cutlass_fp4/fp4_gemm_cutlass_half_128_128_256.cu -o /home/arnur/.cache/flashinfer/0.6.11.post2/120f/cached_ops/fp4_gemm_cutlass_sm120/gen_gemm_sm120_cutlass_fp4_fp4_gemm_cutlass_half_128_128_256.cuda.o 
FAILED: [code=1] /home/arnur/.cache/flashinfer/0.6.11.post2/120f/cached_ops/fp4_gemm_cutlass_sm120/gen_gemm_sm120_cutlass_fp4_fp4_gemm_cutlass_half_128_128_256.cuda.o 
 /home/arnur/fp4-speech/.venv/lib/python3.12/site-packages/nvidia/cu13/bin/nvcc --generate-dependencies-with-compile -MF /home/arnur/.cache/flashinfer/0.6.11.post2/120f/cached_ops/fp4_gemm_cutlass_sm120/gen_gemm_sm120_cutlass_fp4_fp4_gemm_cutlass_half_128_128_256.cuda.o.d -DPy_LIMITED_API=0x03090000 -D_GLIBCXX_USE_CXX11_ABI=1 -I/home/arnur/fp4-speech/.venv/lib/python3.12/site-packages/flashinfer/data/cccl/cub -I/home/arnur/fp4-speech/.venv/lib/python3.12/site-packages/flashinfer/data/cccl/libcudacxx/include -I/home/arnur/fp4-speech/.venv/lib/python3.12/site-packages/flashinfer/data/cccl/thrust -isystem /usr/include/python3.12 -isystem /home/arnur/fp4-speech/.venv/lib/python3.12/site-packages/nvidia/cu13/include -isystem /home/arnur/fp4-speech/.venv/lib/python3.12/site-packages/tvm_ffi/include -isystem /home/arnur/fp4-speech/.venv/lib/python3.12/site-packages/tvm_ffi/include -isystem /home/arnur/fp4-speech/.venv/lib/python3.12/site-packages/flashinfer/data/include -isystem /home/arnur/fp4-speech/.venv/lib/python3.12/site-packages/flashinfer/data/csrc -isystem /home/arnur/fp4-speech/.venv/lib/python3.12/site-packages/flashinfer/data/cutlass/include -isystem /home/arnur/fp4-speech/.venv/lib/python3.12/site-packages/flashinfer/data/cutlass/tools/util/include -isystem /home/arnur/fp4-speech/.venv/lib/python3.12/site-packages/flashinfer/data/spdlog/include --compiler-options=-fPIC --expt-relaxed-constexpr -static-global-template-stub=false -DFLASHINFER_ENABLE_FP8_E8M0 -DFLASHINFER_ENABLE_FP4_E2M1 -std=c++17 --threads=1 -use_fast_math -DFLASHINFER_ENABLE_F16 -DFLASHINFER_ENABLE_BF16 -DFLASHINFER_ENABLE_FP8_E4M3 -DFLASHINFER_ENABLE_FP8_E5M2 -DNDEBUG -O3 -gencode=arch=compute_120f,code=sm_120f -DFLASHINFER_ENABLE_FP8_E8M0 -DFLASHINFER_ENABLE_FP4_E2M1 -DENABLE_BF16 -DENABLE_FP4 -DCUTLASS_ENABLE_GDC_FOR_SM100=1 -c /home/arnur/.cache/flashinfer/0.6.11.post2/120f/generated/gen_gemm_sm120_cutlass_fp4/fp4_gemm_cutlass_half_128_128_256.cu -o /home/arnur/.cache/flashinfer/0.6.11.post2/120f/cached_ops/fp4_gemm_cutlass_sm120/gen_gemm_sm120_cutlass_fp4_fp4_gemm_cutlass_half_128_128_256.cuda.o 
In file included from /home/arnur/fp4-speech/.venv/lib/python3.12/site-packages/flashinfer/data/cccl/libcudacxx/include/cuda/std/__cccl/extended_data_types.h:26,
                 from /home/arnur/fp4-speech/.venv/lib/python3.12/site-packages/flashinfer/data/cccl/libcudacxx/include/cuda/std/__cccl/builtin.h:26,
                 from /home/arnur/fp4-speech/.venv/lib/python3.12/site-packages/flashinfer/data/cccl/libcudacxx/include/cuda/std/__cccl/dialect.h:25,
                 from /home/arnur/fp4-speech/.venv/lib/python3.12/site-packages/flashinfer/data/cccl/libcudacxx/include/cuda/std/__cccl/attributes.h:26,
                 from /home/arnur/fp4-speech/.venv/lib/python3.12/site-packages/flashinfer/data/cccl/libcudacxx/include/cuda/std/__cccl/assert.h:25,
                 from /home/arnur/fp4-speech/.venv/lib/python3.12/site-packages/flashinfer/data/cccl/libcudacxx/include/cuda/__cccl_config:15,
                 from /home/arnur/fp4-speech/.venv/lib/python3.12/site-packages/flashinfer/data/cccl/libcudacxx/include/cuda/std/__internal/atomic.h:13,
                 from /home/arnur/fp4-speech/.venv/lib/python3.12/site-packages/flashinfer/data/cccl/libcudacxx/include/cuda/std/detail/__config:14,
                 from /home/arnur/fp4-speech/.venv/lib/python3.12/site-packages/flashinfer/data/cccl/libcudacxx/include/cuda/std/utility:14,
                 from /home/arnur/fp4-speech/.venv/lib/python3.12/site-packages/flashinfer/data/cutlass/include/cutlass/fast_math.h:42,
                 from /home/arnur/fp4-speech/.venv/lib/python3.12/site-packages/flashinfer/data/cutlass/include/cute/numeric/math.hpp:36,
                 from /home/arnur/fp4-speech/.venv/lib/python3.12/site-packages/flashinfer/data/cutlass/include/cute/numeric/integral_constant.hpp:33,
                 from /home/arnur/fp4-speech/.venv/lib/python3.12/site-packages/flashinfer/data/cutlass/include/cute/numeric/integer_sequence.hpp:35,
                 from /home/arnur/fp4-speech/.venv/lib/python3.12/site-packages/flashinfer/data/cutlass/include/cute/arch/util.hpp:34,
                 from /home/arnur/fp4-speech/.venv/lib/python3.12/site-packages/flashinfer/data/cutlass/include/cute/arch/copy.hpp:35,
                 from /home/arnur/fp4-speech/.venv/lib/python3.12/site-packages/flashinfer/data/cutlass/include/cutlass/epilogue/collective/collective_builder.hpp:33,
                 from /home/arnur/fp4-speech/.venv/lib/python3.12/site-packages/flashinfer/data/include/flashinfer/gemm/fp4_gemm_cutlass_template_sm120.h:27,
                 from /home/arnur/.cache/flashinfer/0.6.11.post2/120f/generated/gen_gemm_sm120_cutlass_fp4/fp4_gemm_cutlass_half_128_128_256.cu:18:
/home/arnur/fp4-speech/.venv/lib/python3.12/site-packages/flashinfer/data/cccl/libcudacxx/include/cuda/std/__cccl/cuda_toolkit.h:41:8: error: #error "CUDA compiler and CUDA toolkit headers are incompatible, please check your include paths"
   41 | #      error "CUDA compiler and CUDA toolkit headers are incompatible, please check your include paths"
      |        ^~~~~
[4/18]  /home/arnur/fp4-speech/.venv/lib/python3.12/site-packages/nvidia/cu13/bin/nvcc --generate-dependencies-with-compile -MF /home/arnur/.cache/flashinfer/0.6.11.post2/120f/cached_ops/fp4_gemm_cutlass_sm120/csrc_fp4_gemm_cutlass_sm120.cuda.o.d -DPy_LIMITED_API=0x03090000 -D_GLIBCXX_USE_CXX11_ABI=1 -I/home/arnur/fp4-speech/.venv/lib/python3.12/site-packages/flashinfer/data/cccl/cub -I/home/arnur/fp4-speech/.venv/lib/python3.12/site-packages/flashinfer/data/cccl/libcudacxx/include -I/home/arnur/fp4-speech/.venv/lib/python3.12/site-packages/flashinfer/data/cccl/thrust -isystem /usr/include/python3.12 -isystem /home/arnur/fp4-speech/.venv/lib/python3.12/site-packages/nvidia/cu13/include -isystem /home/arnur/fp4-speech/.venv/lib/python3.12/site-packages/tvm_ffi/include -isystem /home/arnur/fp4-speech/.venv/lib/python3.12/site-packages/tvm_ffi/include -isystem /home/arnur/fp4-speech/.venv/lib/python3.12/site-packages/flashinfer/data/include -isystem /home/arnur/fp4-speech/.venv/lib/python3.12/site-packages/flashinfer/data/csrc -isystem /home/arnur/fp4-speech/.venv/lib/python3.12/site-packages/flashinfer/data/cutlass/include -isystem /home/arnur/fp4-speech/.venv/lib/python3.12/site-packages/flashinfer/data/cutlass/tools/util/include -isystem /home/arnur/fp4-speech/.venv/lib/python3.12/site-packages/flashinfer/data/spdlog/include --compiler-options=-fPIC --expt-relaxed-constexpr -static-global-template-stub=false -DFLASHINFER_ENABLE_FP8_E8M0 -DFLASHINFER_ENABLE_FP4_E2M1 -std=c++17 --threads=1 -use_fast_math -DFLASHINFER_ENABLE_F16 -DFLASHINFER_ENABLE_BF16 -DFLASHINFER_ENABLE_FP8_E4M3 -DFLASHINFER_ENABLE_FP8_E5M2 -DNDEBUG -O3 -gencode=arch=compute_120f,code=sm_120f -DFLASHINFER_ENABLE_FP8_E8M0 -DFLASHINFER_ENABLE_FP4_E2M1 -DENABLE_BF16 -DENABLE_FP4 -DCUTLASS_ENABLE_GDC_FOR_SM100=1 -c /home/arnur/fp4-speech/.venv/lib/python3.12/site-packages/flashinfer/data/csrc/fp4_gemm_cutlass_sm120.cu -o /home/arnur/.cache/flashinfer/0.6.11.post2/120f/cached_ops/fp4_gemm_cutlass_sm120/csrc_fp4_gemm_cutlass_sm120.cuda.o 
FAILED: [code=1] /home/arnur/.cache/flashinfer/0.6.11.post2/120f/cached_ops/fp4_gemm_cutlass_sm120/csrc_fp4_gemm_cutlass_sm120.cuda.o 
 /home/arnur/fp4-speech/.venv/lib/python3.12/site-packages/nvidia/cu13/bin/nvcc --generate-dependencies-with-compile -MF /home/arnur/.cache/flashinfer/0.6.11.post2/120f/cached_ops/fp4_gemm_cutlass_sm120/csrc_fp4_gemm_cutlass_sm120.cuda.o.d -DPy_LIMITED_API=0x03090000 -D_GLIBCXX_USE_CXX11_ABI=1 -I/home/arnur/fp4-speech/.venv/lib/python3.12/site-packages/flashinfer/data/cccl/cub -I/home/arnur/fp4-speech/.venv/lib/python3.12/site-packages/flashinfer/data/cccl/libcudacxx/include -I/home/arnur/fp4-speech/.venv/lib/python3.12/site-packages/flashinfer/data/cccl/thrust -isystem /usr/include/python3.12 -isystem /home/arnur/fp4-speech/.venv/lib/python3.12/site-packages/nvidia/cu13/include -isystem /home/arnur/fp4-speech/.venv/lib/python3.12/site-packages/tvm_ffi/include -isystem /home/arnur/fp4-speech/.venv/lib/python3.12/site-packages/tvm_ffi/include -isystem /home/arnur/fp4-speech/.venv/lib/python3.12/site-packages/flashinfer/data/include -isystem /home/arnur/fp4-speech/.venv/lib/python3.12/site-packages/flashinfer/data/csrc -isystem /home/arnur/fp4-speech/.venv/lib/python3.12/site-packages/flashinfer/data/cutlass/include -isystem /home/arnur/fp4-speech/.venv/lib/python3.12/site-packages/flashinfer/data/cutlass/tools/util/include -isystem /home/arnur/fp4-speech/.venv/lib/python3.12/site-packages/flashinfer/data/spdlog/include --compiler-options=-fPIC --expt-relaxed-constexpr -static-global-template-stub=false -DFLASHINFER_ENABLE_FP8_E8M0 -DFLASHINFER_ENABLE_FP4_E2M1 -std=c++17 --threads=1 -use_fast_math -DFLASHINFER_ENABLE_F16 -DFLASHINFER_ENABLE_BF16 -DFLASHINFER_ENABLE_FP8_E4M3 -DFLASHINFER_ENABLE_FP8_E5M2 -DNDEBUG -O3 -gencode=arch=compute_120f,code=sm_120f -DFLASHINFER_ENABLE_FP8_E8M0 -DFLASHINFER_ENABLE_FP4_E2M1 -DENABLE_BF16 -DENABLE_FP4 -DCUTLASS_ENABLE_GDC_FOR_SM100=1 -c /home/arnur/fp4-speech/.venv/lib/python3.12/site-packages/flashinfer/data/csrc/fp4_gemm_cutlass_sm120.cu -o /home/arnur/.cache/flashinfer/0.6.11.post2/120f/cached_ops/fp4_gemm_cutlass_sm120/csrc_fp4_gemm_cutlass_sm120.cuda.o 
In file included from /home/arnur/fp4-speech/.venv/lib/python3.12/site-packages/flashinfer/data/cccl/libcudacxx/include/cuda/std/__cccl/extended_data_types.h:26,
                 from /home/arnur/fp4-speech/.venv/lib/python3.12/site-packages/flashinfer/data/cccl/libcudacxx/include/cuda/std/__cccl/builtin.h:26,
                 from /home/arnur/fp4-speech/.venv/lib/python3.12/site-packages/flashinfer/data/cccl/libcudacxx/include/cuda/std/__cccl/dialect.h:25,
                 from /home/arnur/fp4-speech/.venv/lib/python3.12/site-packages/flashinfer/data/cccl/libcudacxx/include/cuda/std/__cccl/attributes.h:26,
                 from /home/arnur/fp4-speech/.venv/lib/python3.12/site-packages/flashinfer/data/cccl/libcudacxx/include/cuda/std/__cccl/assert.h:25,
                 from /home/arnur/fp4-speech/.venv/lib/python3.12/site-packages/flashinfer/data/cccl/libcudacxx/include/cuda/__cccl_config:15,
                 from /home/arnur/fp4-speech/.venv/lib/python3.12/site-packages/flashinfer/data/cccl/libcudacxx/include/cuda/std/__internal/atomic.h:13,
                 from /home/arnur/fp4-speech/.venv/lib/python3.12/site-packages/flashinfer/data/cccl/libcudacxx/include/cuda/std/detail/__config:14,
                 from /home/arnur/fp4-speech/.venv/lib/python3.12/site-packages/flashinfer/data/cccl/libcudacxx/include/cuda/std/utility:14,
                 from /home/arnur/fp4-speech/.venv/lib/python3.12/site-packages/flashinfer/data/cutlass/include/cutlass/fast_math.h:42,
                 from /home/arnur/fp4-speech/.venv/lib/python3.12/site-packages/flashinfer/data/cutlass/include/cute/numeric/math.hpp:36,
                 from /home/arnur/fp4-speech/.venv/lib/python3.12/site-packages/flashinfer/data/cutlass/include/cute/numeric/integral_constant.hpp:33,
                 from /home/arnur/fp4-speech/.venv/lib/python3.12/site-packages/flashinfer/data/cutlass/include/cute/container/array.hpp:35,
                 from /home/arnur/fp4-speech/.venv/lib/python3.12/site-packages/flashinfer/data/cutlass/include/cute/int_tuple.hpp:34,
                 from /home/arnur/fp4-speech/.venv/lib/python3.12/site-packages/flashinfer/data/cutlass/include/cute/layout.hpp:34,
                 from /home/arnur/fp4-speech/.venv/lib/python3.12/site-packages/flashinfer/data/cutlass/include/cute/tensor_impl.hpp:45,
                 from /home/arnur/fp4-speech/.venv/lib/python3.12/site-packages/flashinfer/data/cutlass/include/cute/tensor.hpp:33,
                 from /home/arnur/fp4-speech/.venv/lib/python3.12/site-packages/flashinfer/data/include/flashinfer/gemm/cutlass_gemm_configs.h:24,
                 from /home/arnur/fp4-speech/.venv/lib/python3.12/site-packages/flashinfer/data/csrc/fp4_gemm_cutlass_sm120.cu:24:
/home/arnur/fp4-speech/.venv/lib/python3.12/site-packages/flashinfer/data/cccl/libcudacxx/include/cuda/std/__cccl/cuda_toolkit.h:41:8: error: #error "CUDA compiler and CUDA toolkit headers are incompatible, please check your include paths"
   41 | #      error "CUDA compiler and CUDA toolkit headers are incompatible, please check your include paths"
      |        ^~~~~
[5/18]  /home/arnur/fp4-speech/.venv/lib/python3.12/site-packages/nvidia/cu13/bin/nvcc --generate-dependencies-with-compile -MF /home/arnur/.cache/flashinfer/0.6.11.post2/120f/cached_ops/fp4_gemm_cutlass_sm120/gen_gemm_sm120_cutlass_fp4_fp4_gemm_cutlass_half_256_128_128.cuda.o.d -DPy_LIMITED_API=0x03090000 -D_GLIBCXX_USE_CXX11_ABI=1 -I/home/arnur/fp4-speech/.venv/lib/python3.12/site-packages/flashinfer/data/cccl/cub -I/home/arnur/fp4-speech/.venv/lib/python3.12/site-packages/flashinfer/data/cccl/libcudacxx/include -I/home/arnur/fp4-speech/.venv/lib/python3.12/site-packages/flashinfer/data/cccl/thrust -isystem /usr/include/python3.12 -isystem /home/arnur/fp4-speech/.venv/lib/python3.12/site-packages/nvidia/cu13/include -isystem /home/arnur/fp4-speech/.venv/lib/python3.12/site-packages/tvm_ffi/include -isystem /home/arnur/fp4-speech/.venv/lib/python3.12/site-packages/tvm_ffi/include -isystem /home/arnur/fp4-speech/.venv/lib/python3.12/site-packages/flashinfer/data/include -isystem /home/arnur/fp4-speech/.venv/lib/python3.12/site-packages/flashinfer/data/csrc -isystem /home/arnur/fp4-speech/.venv/lib/python3.12/site-packages/flashinfer/data/cutlass/include -isystem /home/arnur/fp4-speech/.venv/lib/python3.12/site-packages/flashinfer/data/cutlass/tools/util/include -isystem /home/arnur/fp4-speech/.venv/lib/python3.12/site-packages/flashinfer/data/spdlog/include --compiler-options=-fPIC --expt-relaxed-constexpr -static-global-template-stub=false -DFLASHINFER_ENABLE_FP8_E8M0 -DFLASHINFER_ENABLE_FP4_E2M1 -std=c++17 --threads=1 -use_fast_math -DFLASHINFER_ENABLE_F16 -DFLASHINFER_ENABLE_BF16 -DFLASHINFER_ENABLE_FP8_E4M3 -DFLASHINFER_ENABLE_FP8_E5M2 -DNDEBUG -O3 -gencode=arch=compute_120f,code=sm_120f -DFLASHINFER_ENABLE_FP8_E8M0 -DFLASHINFER_ENABLE_FP4_E2M1 -DENABLE_BF16 -DENABLE_FP4 -DCUTLASS_ENABLE_GDC_FOR_SM100=1 -c /home/arnur/.cache/flashinfer/0.6.11.post2/120f/generated/gen_gemm_sm120_cutlass_fp4/fp4_gemm_cutlass_half_256_128_128.cu -o /home/arnur/.cache/flashinfer/0.6.11.post2/120f/cached_ops/fp4_gemm_cutlass_sm120/gen_gemm_sm120_cutlass_fp4_fp4_gemm_cutlass_half_256_128_128.cuda.o 
FAILED: [code=1] /home/arnur/.cache/flashinfer/0.6.11.post2/120f/cached_ops/fp4_gemm_cutlass_sm120/gen_gemm_sm120_cutlass_fp4_fp4_gemm_cutlass_half_256_128_128.cuda.o 
 /home/arnur/fp4-speech/.venv/lib/python3.12/site-packages/nvidia/cu13/bin/nvcc --generate-dependencies-with-compile -MF /home/arnur/.cache/flashinfer/0.6.11.post2/120f/cached_ops/fp4_gemm_cutlass_sm120/gen_gemm_sm120_cutlass_fp4_fp4_gemm_cutlass_half_256_128_128.cuda.o.d -DPy_LIMITED_API=0x03090000 -D_GLIBCXX_USE_CXX11_ABI=1 -I/home/arnur/fp4-speech/.venv/lib/python3.12/site-packages/flashinfer/data/cccl/cub -I/home/arnur/fp4-speech/.venv/lib/python3.12/site-packages/flashinfer/data/cccl/libcudacxx/include -I/home/arnur/fp4-speech/.venv/lib/python3.12/site-packages/flashinfer/data/cccl/thrust -isystem /usr/include/python3.12 -isystem /home/arnur/fp4-speech/.venv/lib/python3.12/site-packages/nvidia/cu13/include -isystem /home/arnur/fp4-speech/.venv/lib/python3.12/site-packages/tvm_ffi/include -isystem /home/arnur/fp4-speech/.venv/lib/python3.12/site-packages/tvm_ffi/include -isystem /home/arnur/fp4-speech/.venv/lib/python3.12/site-packages/flashinfer/data/include -isystem /home/arnur/fp4-speech/.venv/lib/python3.12/site-packages/flashinfer/data/csrc -isystem /home/arnur/fp4-speech/.venv/lib/python3.12/site-packages/flashinfer/data/cutlass/include -isystem /home/arnur/fp4-speech/.venv/lib/python3.12/site-packages/flashinfer/data/cutlass/tools/util/include -isystem /home/arnur/fp4-speech/.venv/lib/python3.12/site-packages/flashinfer/data/spdlog/include --compiler-options=-fPIC --expt-relaxed-constexpr -static-global-template-stub=false -DFLASHINFER_ENABLE_FP8_E8M0 -DFLASHINFER_ENABLE_FP4_E2M1 -std=c++17 --threads=1 -use_fast_math -DFLASHINFER_ENABLE_F16 -DFLASHINFER_ENABLE_BF16 -DFLASHINFER_ENABLE_FP8_E4M3 -DFLASHINFER_ENABLE_FP8_E5M2 -DNDEBUG -O3 -gencode=arch=compute_120f,code=sm_120f -DFLASHINFER_ENABLE_FP8_E8M0 -DFLASHINFER_ENABLE_FP4_E2M1 -DENABLE_BF16 -DENABLE_FP4 -DCUTLASS_ENABLE_GDC_FOR_SM100=1 -c /home/arnur/.cache/flashinfer/0.6.11.post2/120f/generated/gen_gemm_sm120_cutlass_fp4/fp4_gemm_cutlass_half_256_128_128.cu -o /home/arnur/.cache/flashinfer/0.6.11.post2/120f/cached_ops/fp4_gemm_cutlass_sm120/gen_gemm_sm120_cutlass_fp4_fp4_gemm_cutlass_half_256_128_128.cuda.o 
In file included from /home/arnur/fp4-speech/.venv/lib/python3.12/site-packages/flashinfer/data/cccl/libcudacxx/include/cuda/std/__cccl/extended_data_types.h:26,
                 from /home/arnur/fp4-speech/.venv/lib/python3.12/site-packages/flashinfer/data/cccl/libcudacxx/include/cuda/std/__cccl/builtin.h:26,
                 from /home/arnur/fp4-speech/.venv/lib/python3.12/site-packages/flashinfer/data/cccl/libcudacxx/include/cuda/std/__cccl/dialect.h:25,
                 from /home/arnur/fp4-speech/.venv/lib/python3.12/site-packages/flashinfer/data/cccl/libcudacxx/include/cuda/std/__cccl/attributes.h:26,
                 from /home/arnur/fp4-speech/.venv/lib/python3.12/site-packages/flashinfer/data/cccl/libcudacxx/include/cuda/std/__cccl/assert.h:25,
                 from /home/arnur/fp4-speech/.venv/lib/python3.12/site-packages/flashinfer/data/cccl/libcudacxx/include/cuda/__cccl_config:15,
                 from /home/arnur/fp4-speech/.venv/lib/python3.12/site-packages/flashinfer/data/cccl/libcudacxx/include/cuda/std/__internal/atomic.h:13,
                 from /home/arnur/fp4-speech/.venv/lib/python3.12/site-packages/flashinfer/data/cccl/libcudacxx/include/cuda/std/detail/__config:14,
                 from /home/arnur/fp4-speech/.venv/lib/python3.12/site-packages/flashinfer/data/cccl/libcudacxx/include/cuda/std/utility:14,
                 from /home/arnur/fp4-speech/.venv/lib/python3.12/site-packages/flashinfer/data/cutlass/include/cutlass/fast_math.h:42,
                 from /home/arnur/fp4-speech/.venv/lib/python3.12/site-packages/flashinfer/data/cutlass/include/cute/numeric/math.hpp:36,
                 from /home/arnur/fp4-speech/.venv/lib/python3.12/site-packages/flashinfer/data/cutlass/include/cute/numeric/integral_constant.hpp:33,
                 from /home/arnur/fp4-speech/.venv/lib/python3.12/site-packages/flashinfer/data/cutlass/include/cute/numeric/integer_sequence.hpp:35,
                 from /home/arnur/fp4-speech/.venv/lib/python3.12/site-packages/flashinfer/data/cutlass/include/cute/arch/util.hpp:34,
                 from /home/arnur/fp4-speech/.venv/lib/python3.12/site-packages/flashinfer/data/cutlass/include/cute/arch/copy.hpp:35,
                 from /home/arnur/fp4-speech/.venv/lib/python3.12/site-packages/flashinfer/data/cutlass/include/cutlass/epilogue/collective/collective_builder.hpp:33,
                 from /home/arnur/fp4-speech/.venv/lib/python3.12/site-packages/flashinfer/data/include/flashinfer/gemm/fp4_gemm_cutlass_template_sm120.h:27,
                 from /home/arnur/.cache/flashinfer/0.6.11.post2/120f/generated/gen_gemm_sm120_cutlass_fp4/fp4_gemm_cutlass_half_256_128_128.cu:18:
/home/arnur/fp4-speech/.venv/lib/python3.12/site-packages/flashinfer/data/cccl/libcudacxx/include/cuda/std/__cccl/cuda_toolkit.h:41:8: error: #error "CUDA compiler and CUDA toolkit headers are incompatible, please check your include paths"
   41 | #      error "CUDA compiler and CUDA toolkit headers are incompatible, please check your include paths"
      |        ^~~~~
[6/18]  /home/arnur/fp4-speech/.venv/lib/python3.12/site-packages/nvidia/cu13/bin/nvcc --generate-dependencies-with-compile -MF /home/arnur/.cache/flashinfer/0.6.11.post2/120f/cached_ops/fp4_gemm_cutlass_sm120/gen_gemm_sm120_cutlass_fp4_fp4_gemm_cutlass___nv_bfloat16_128_128_128.cuda.o.d -DPy_LIMITED_API=0x03090000 -D_GLIBCXX_USE_CXX11_ABI=1 -I/home/arnur/fp4-speech/.venv/lib/python3.12/site-packages/flashinfer/data/cccl/cub -I/home/arnur/fp4-speech/.venv/lib/python3.12/site-packages/flashinfer/data/cccl/libcudacxx/include -I/home/arnur/fp4-speech/.venv/lib/python3.12/site-packages/flashinfer/data/cccl/thrust -isystem /usr/include/python3.12 -isystem /home/arnur/fp4-speech/.venv/lib/python3.12/site-packages/nvidia/cu13/include -isystem /home/arnur/fp4-speech/.venv/lib/python3.12/site-packages/tvm_ffi/include -isystem /home/arnur/fp4-speech/.venv/lib/python3.12/site-packages/tvm_ffi/include -isystem /home/arnur/fp4-speech/.venv/lib/python3.12/site-packages/flashinfer/data/include -isystem /home/arnur/fp4-speech/.venv/lib/python3.12/site-packages/flashinfer/data/csrc -isystem /home/arnur/fp4-speech/.venv/lib/python3.12/site-packages/flashinfer/data/cutlass/include -isystem /home/arnur/fp4-speech/.venv/lib/python3.12/site-packages/flashinfer/data/cutlass/tools/util/include -isystem /home/arnur/fp4-speech/.venv/lib/python3.12/site-packages/flashinfer/data/spdlog/include --compiler-options=-fPIC --expt-relaxed-constexpr -static-global-template-stub=false -DFLASHINFER_ENABLE_FP8_E8M0 -DFLASHINFER_ENABLE_FP4_E2M1 -std=c++17 --threads=1 -use_fast_math -DFLASHINFER_ENABLE_F16 -DFLASHINFER_ENABLE_BF16 -DFLASHINFER_ENABLE_FP8_E4M3 -DFLASHINFER_ENABLE_FP8_E5M2 -DNDEBUG -O3 -gencode=arch=compute_120f,code=sm_120f -DFLASHINFER_ENABLE_FP8_E8M0 -DFLASHINFER_ENABLE_FP4_E2M1 -DENABLE_BF16 -DENABLE_FP4 -DCUTLASS_ENABLE_GDC_FOR_SM100=1 -c /home/arnur/.cache/flashinfer/0.6.11.post2/120f/generated/gen_gemm_sm120_cutlass_fp4/fp4_gemm_cutlass___nv_bfloat16_128_128_128.cu -o /home/arnur/.cache/flashinfer/0.6.11.post2/120f/cached_ops/fp4_gemm_cutlass_sm120/gen_gemm_sm120_cutlass_fp4_fp4_gemm_cutlass___nv_bfloat16_128_128_128.cuda.o 
FAILED: [code=1] /home/arnur/.cache/flashinfer/0.6.11.post2/120f/cached_ops/fp4_gemm_cutlass_sm120/gen_gemm_sm120_cutlass_fp4_fp4_gemm_cutlass___nv_bfloat16_128_128_128.cuda.o 
 /home/arnur/fp4-speech/.venv/lib/python3.12/site-packages/nvidia/cu13/bin/nvcc --generate-dependencies-with-compile -MF /home/arnur/.cache/flashinfer/0.6.11.post2/120f/cached_ops/fp4_gemm_cutlass_sm120/gen_gemm_sm120_cutlass_fp4_fp4_gemm_cutlass___nv_bfloat16_128_128_128.cuda.o.d -DPy_LIMITED_API=0x03090000 -D_GLIBCXX_USE_CXX11_ABI=1 -I/home/arnur/fp4-speech/.venv/lib/python3.12/site-packages/flashinfer/data/cccl/cub -I/home/arnur/fp4-speech/.venv/lib/python3.12/site-packages/flashinfer/data/cccl/libcudacxx/include -I/home/arnur/fp4-speech/.venv/lib/python3.12/site-packages/flashinfer/data/cccl/thrust -isystem /usr/include/python3.12 -isystem /home/arnur/fp4-speech/.venv/lib/python3.12/site-packages/nvidia/cu13/include -isystem /home/arnur/fp4-speech/.venv/lib/python3.12/site-packages/tvm_ffi/include -isystem /home/arnur/fp4-speech/.venv/lib/python3.12/site-packages/tvm_ffi/include -isystem /home/arnur/fp4-speech/.venv/lib/python3.12/site-packages/flashinfer/data/include -isystem /home/arnur/fp4-speech/.venv/lib/python3.12/site-packages/flashinfer/data/csrc -isystem /home/arnur/fp4-speech/.venv/lib/python3.12/site-packages/flashinfer/data/cutlass/include -isystem /home/arnur/fp4-speech/.venv/lib/python3.12/site-packages/flashinfer/data/cutlass/tools/util/include -isystem /home/arnur/fp4-speech/.venv/lib/python3.12/site-packages/flashinfer/data/spdlog/include --compiler-options=-fPIC --expt-relaxed-constexpr -static-global-template-stub=false -DFLASHINFER_ENABLE_FP8_E8M0 -DFLASHINFER_ENABLE_FP4_E2M1 -std=c++17 --threads=1 -use_fast_math -DFLASHINFER_ENABLE_F16 -DFLASHINFER_ENABLE_BF16 -DFLASHINFER_ENABLE_FP8_E4M3 -DFLASHINFER_ENABLE_FP8_E5M2 -DNDEBUG -O3 -gencode=arch=compute_120f,code=sm_120f -DFLASHINFER_ENABLE_FP8_E8M0 -DFLASHINFER_ENABLE_FP4_E2M1 -DENABLE_BF16 -DENABLE_FP4 -DCUTLASS_ENABLE_GDC_FOR_SM100=1 -c /home/arnur/.cache/flashinfer/0.6.11.post2/120f/generated/gen_gemm_sm120_cutlass_fp4/fp4_gemm_cutlass___nv_bfloat16_128_128_128.cu -o /home/arnur/.cache/flashinfer/0.6.11.post2/120f/cached_ops/fp4_gemm_cutlass_sm120/gen_gemm_sm120_cutlass_fp4_fp4_gemm_cutlass___nv_bfloat16_128_128_128.cuda.o 
In file included from /home/arnur/fp4-speech/.venv/lib/python3.12/site-packages/flashinfer/data/cccl/libcudacxx/include/cuda/std/__cccl/extended_data_types.h:26,
                 from /home/arnur/fp4-speech/.venv/lib/python3.12/site-packages/flashinfer/data/cccl/libcudacxx/include/cuda/std/__cccl/builtin.h:26,
                 from /home/arnur/fp4-speech/.venv/lib/python3.12/site-packages/flashinfer/data/cccl/libcudacxx/include/cuda/std/__cccl/dialect.h:25,
                 from /home/arnur/fp4-speech/.venv/lib/python3.12/site-packages/flashinfer/data/cccl/libcudacxx/include/cuda/std/__cccl/attributes.h:26,
                 from /home/arnur/fp4-speech/.venv/lib/python3.12/site-packages/flashinfer/data/cccl/libcudacxx/include/cuda/std/__cccl/assert.h:25,
                 from /home/arnur/fp4-speech/.venv/lib/python3.12/site-packages/flashinfer/data/cccl/libcudacxx/include/cuda/__cccl_config:15,
                 from /home/arnur/fp4-speech/.venv/lib/python3.12/site-packages/flashinfer/data/cccl/libcudacxx/include/cuda/std/__internal/atomic.h:13,
                 from /home/arnur/fp4-speech/.venv/lib/python3.12/site-packages/flashinfer/data/cccl/libcudacxx/include/cuda/std/detail/__config:14,
                 from /home/arnur/fp4-speech/.venv/lib/python3.12/site-packages/flashinfer/data/cccl/libcudacxx/include/cuda/std/utility:14,
                 from /home/arnur/fp4-speech/.venv/lib/python3.12/site-packages/flashinfer/data/cutlass/include/cutlass/fast_math.h:42,
                 from /home/arnur/fp4-speech/.venv/lib/python3.12/site-packages/flashinfer/data/cutlass/include/cute/numeric/math.hpp:36,
                 from /home/arnur/fp4-speech/.venv/lib/python3.12/site-packages/flashinfer/data/cutlass/include/cute/numeric/integral_constant.hpp:33,
                 from /home/arnur/fp4-speech/.venv/lib/python3.12/site-packages/flashinfer/data/cutlass/include/cute/numeric/integer_sequence.hpp:35,
                 from /home/arnur/fp4-speech/.venv/lib/python3.12/site-packages/flashinfer/data/cutlass/include/cute/arch/util.hpp:34,
                 from /home/arnur/fp4-speech/.venv/lib/python3.12/site-packages/flashinfer/data/cutlass/include/cute/arch/copy.hpp:35,
                 from /home/arnur/fp4-speech/.venv/lib/python3.12/site-packages/flashinfer/data/cutlass/include/cutlass/epilogue/collective/collective_builder.hpp:33,
                 from /home/arnur/fp4-speech/.venv/lib/python3.12/site-packages/flashinfer/data/include/flashinfer/gemm/fp4_gemm_cutlass_template_sm120.h:27,
                 from /home/arnur/.cache/flashinfer/0.6.11.post2/120f/generated/gen_gemm_sm120_cutlass_fp4/fp4_gemm_cutlass___nv_bfloat16_128_128_128.cu:18:
/home/arnur/fp4-speech/.venv/lib/python3.12/site-packages/flashinfer/data/cccl/libcudacxx/include/cuda/std/__cccl/cuda_toolkit.h:41:8: error: #error "CUDA compiler and CUDA toolkit headers are incompatible, please check your include paths"
   41 | #      error "CUDA compiler and CUDA toolkit headers are incompatible, please check your include paths"
      |        ^~~~~
[7/18]  /home/arnur/fp4-speech/.venv/lib/python3.12/site-packages/nvidia/cu13/bin/nvcc --generate-dependencies-with-compile -MF /home/arnur/.cache/flashinfer/0.6.11.post2/120f/cached_ops/fp4_gemm_cutlass_sm120/gen_gemm_sm120_cutlass_fp4_fp4_gemm_cutlass___nv_bfloat16_128_64_128.cuda.o.d -DPy_LIMITED_API=0x03090000 -D_GLIBCXX_USE_CXX11_ABI=1 -I/home/arnur/fp4-speech/.venv/lib/python3.12/site-packages/flashinfer/data/cccl/cub -I/home/arnur/fp4-speech/.venv/lib/python3.12/site-packages/flashinfer/data/cccl/libcudacxx/include -I/home/arnur/fp4-speech/.venv/lib/python3.12/site-packages/flashinfer/data/cccl/thrust -isystem /usr/include/python3.12 -isystem /home/arnur/fp4-speech/.venv/lib/python3.12/site-packages/nvidia/cu13/include -isystem /home/arnur/fp4-speech/.venv/lib/python3.12/site-packages/tvm_ffi/include -isystem /home/arnur/fp4-speech/.venv/lib/python3.12/site-packages/tvm_ffi/include -isystem /home/arnur/fp4-speech/.venv/lib/python3.12/site-packages/flashinfer/data/include -isystem /home/arnur/fp4-speech/.venv/lib/python3.12/site-packages/flashinfer/data/csrc -isystem /home/arnur/fp4-speech/.venv/lib/python3.12/site-packages/flashinfer/data/cutlass/include -isystem /home/arnur/fp4-speech/.venv/lib/python3.12/site-packages/flashinfer/data/cutlass/tools/util/include -isystem /home/arnur/fp4-speech/.venv/lib/python3.12/site-packages/flashinfer/data/spdlog/include --compiler-options=-fPIC --expt-relaxed-constexpr -static-global-template-stub=false -DFLASHINFER_ENABLE_FP8_E8M0 -DFLASHINFER_ENABLE_FP4_E2M1 -std=c++17 --threads=1 -use_fast_math -DFLASHINFER_ENABLE_F16 -DFLASHINFER_ENABLE_BF16 -DFLASHINFER_ENABLE_FP8_E4M3 -DFLASHINFER_ENABLE_FP8_E5M2 -DNDEBUG -O3 -gencode=arch=compute_120f,code=sm_120f -DFLASHINFER_ENABLE_FP8_E8M0 -DFLASHINFER_ENABLE_FP4_E2M1 -DENABLE_BF16 -DENABLE_FP4 -DCUTLASS_ENABLE_GDC_FOR_SM100=1 -c /home/arnur/.cache/flashinfer/0.6.11.post2/120f/generated/gen_gemm_sm120_cutlass_fp4/fp4_gemm_cutlass___nv_bfloat16_128_64_128.cu -o /home/arnur/.cache/flashinfer/0.6.11.post2/120f/cached_ops/fp4_gemm_cutlass_sm120/gen_gemm_sm120_cutlass_fp4_fp4_gemm_cutlass___nv_bfloat16_128_64_128.cuda.o 
FAILED: [code=1] /home/arnur/.cache/flashinfer/0.6.11.post2/120f/cached_ops/fp4_gemm_cutlass_sm120/gen_gemm_sm120_cutlass_fp4_fp4_gemm_cutlass___nv_bfloat16_128_64_128.cuda.o 
 /home/arnur/fp4-speech/.venv/lib/python3.12/site-packages/nvidia/cu13/bin/nvcc --generate-dependencies-with-compile -MF /home/arnur/.cache/flashinfer/0.6.11.post2/120f/cached_ops/fp4_gemm_cutlass_sm120/gen_gemm_sm120_cutlass_fp4_fp4_gemm_cutlass___nv_bfloat16_128_64_128.cuda.o.d -DPy_LIMITED_API=0x03090000 -D_GLIBCXX_USE_CXX11_ABI=1 -I/home/arnur/fp4-speech/.venv/lib/python3.12/site-packages/flashinfer/data/cccl/cub -I/home/arnur/fp4-speech/.venv/lib/python3.12/site-packages/flashinfer/data/cccl/libcudacxx/include -I/home/arnur/fp4-speech/.venv/lib/python3.12/site-packages/flashinfer/data/cccl/thrust -isystem /usr/include/python3.12 -isystem /home/arnur/fp4-speech/.venv/lib/python3.12/site-packages/nvidia/cu13/include -isystem /home/arnur/fp4-speech/.venv/lib/python3.12/site-packages/tvm_ffi/include -isystem /home/arnur/fp4-speech/.venv/lib/python3.12/site-packages/tvm_ffi/include -isystem /home/arnur/fp4-speech/.venv/lib/python3.12/site-packages/flashinfer/data/include -isystem /home/arnur/fp4-speech/.venv/lib/python3.12/site-packages/flashinfer/data/csrc -isystem /home/arnur/fp4-speech/.venv/lib/python3.12/site-packages/flashinfer/data/cutlass/include -isystem /home/arnur/fp4-speech/.venv/lib/python3.12/site-packages/flashinfer/data/cutlass/tools/util/include -isystem /home/arnur/fp4-speech/.venv/lib/python3.12/site-packages/flashinfer/data/spdlog/include --compiler-options=-fPIC --expt-relaxed-constexpr -static-global-template-stub=false -DFLASHINFER_ENABLE_FP8_E8M0 -DFLASHINFER_ENABLE_FP4_E2M1 -std=c++17 --threads=1 -use_fast_math -DFLASHINFER_ENABLE_F16 -DFLASHINFER_ENABLE_BF16 -DFLASHINFER_ENABLE_FP8_E4M3 -DFLASHINFER_ENABLE_FP8_E5M2 -DNDEBUG -O3 -gencode=arch=compute_120f,code=sm_120f -DFLASHINFER_ENABLE_FP8_E8M0 -DFLASHINFER_ENABLE_FP4_E2M1 -DENABLE_BF16 -DENABLE_FP4 -DCUTLASS_ENABLE_GDC_FOR_SM100=1 -c /home/arnur/.cache/flashinfer/0.6.11.post2/120f/generated/gen_gemm_sm120_cutlass_fp4/fp4_gemm_cutlass___nv_bfloat16_128_64_128.cu -o /home/arnur/.cache/flashinfer/0.6.11.post2/120f/cached_ops/fp4_gemm_cutlass_sm120/gen_gemm_sm120_cutlass_fp4_fp4_gemm_cutlass___nv_bfloat16_128_64_128.cuda.o 
In file included from /home/arnur/fp4-speech/.venv/lib/python3.12/site-packages/flashinfer/data/cccl/libcudacxx/include/cuda/std/__cccl/extended_data_types.h:26,
                 from /home/arnur/fp4-speech/.venv/lib/python3.12/site-packages/flashinfer/data/cccl/libcudacxx/include/cuda/std/__cccl/builtin.h:26,
                 from /home/arnur/fp4-speech/.venv/lib/python3.12/site-packages/flashinfer/data/cccl/libcudacxx/include/cuda/std/__cccl/dialect.h:25,
                 from /home/arnur/fp4-speech/.venv/lib/python3.12/site-packages/flashinfer/data/cccl/libcudacxx/include/cuda/std/__cccl/attributes.h:26,
                 from /home/arnur/fp4-speech/.venv/lib/python3.12/site-packages/flashinfer/data/cccl/libcudacxx/include/cuda/std/__cccl/assert.h:25,
                 from /home/arnur/fp4-speech/.venv/lib/python3.12/site-packages/flashinfer/data/cccl/libcudacxx/include/cuda/__cccl_config:15,
                 from /home/arnur/fp4-speech/.venv/lib/python3.12/site-packages/flashinfer/data/cccl/libcudacxx/include/cuda/std/__internal/atomic.h:13,
                 from /home/arnur/fp4-speech/.venv/lib/python3.12/site-packages/flashinfer/data/cccl/libcudacxx/include/cuda/std/detail/__config:14,
                 from /home/arnur/fp4-speech/.venv/lib/python3.12/site-packages/flashinfer/data/cccl/libcudacxx/include/cuda/std/utility:14,
                 from /home/arnur/fp4-speech/.venv/lib/python3.12/site-packages/flashinfer/data/cutlass/include/cutlass/fast_math.h:42,
                 from /home/arnur/fp4-speech/.venv/lib/python3.12/site-packages/flashinfer/data/cutlass/include/cute/numeric/math.hpp:36,
                 from /home/arnur/fp4-speech/.venv/lib/python3.12/site-packages/flashinfer/data/cutlass/include/cute/numeric/integral_constant.hpp:33,
                 from /home/arnur/fp4-speech/.venv/lib/python3.12/site-packages/flashinfer/data/cutlass/include/cute/numeric/integer_sequence.hpp:35,
                 from /home/arnur/fp4-speech/.venv/lib/python3.12/site-packages/flashinfer/data/cutlass/include/cute/arch/util.hpp:34,
                 from /home/arnur/fp4-speech/.venv/lib/python3.12/site-packages/flashinfer/data/cutlass/include/cute/arch/copy.hpp:35,
                 from /home/arnur/fp4-speech/.venv/lib/python3.12/site-packages/flashinfer/data/cutlass/include/cutlass/epilogue/collective/collective_builder.hpp:33,
                 from /home/arnur/fp4-speech/.venv/lib/python3.12/site-packages/flashinfer/data/include/flashinfer/gemm/fp4_gemm_cutlass_template_sm120.h:27,
                 from /home/arnur/.cache/flashinfer/0.6.11.post2/120f/generated/gen_gemm_sm120_cutlass_fp4/fp4_gemm_cutlass___nv_bfloat16_128_64_128.cu:18:
/home/arnur/fp4-speech/.venv/lib/python3.12/site-packages/flashinfer/data/cccl/libcudacxx/include/cuda/std/__cccl/cuda_toolkit.h:41:8: error: #error "CUDA compiler and CUDA toolkit headers are incompatible, please check your include paths"
   41 | #      error "CUDA compiler and CUDA toolkit headers are incompatible, please check your include paths"
      |        ^~~~~
[8/18]  /home/arnur/fp4-speech/.venv/lib/python3.12/site-packages/nvidia/cu13/bin/nvcc --generate-dependencies-with-compile -MF /home/arnur/.cache/flashinfer/0.6.11.post2/120f/cached_ops/fp4_gemm_cutlass_sm120/gen_gemm_sm120_cutlass_fp4_fp4_gemm_cutlass___nv_bfloat16_128_64_256.cuda.o.d -DPy_LIMITED_API=0x03090000 -D_GLIBCXX_USE_CXX11_ABI=1 -I/home/arnur/fp4-speech/.venv/lib/python3.12/site-packages/flashinfer/data/cccl/cub -I/home/arnur/fp4-speech/.venv/lib/python3.12/site-packages/flashinfer/data/cccl/libcudacxx/include -I/home/arnur/fp4-speech/.venv/lib/python3.12/site-packages/flashinfer/data/cccl/thrust -isystem /usr/include/python3.12 -isystem /home/arnur/fp4-speech/.venv/lib/python3.12/site-packages/nvidia/cu13/include -isystem /home/arnur/fp4-speech/.venv/lib/python3.12/site-packages/tvm_ffi/include -isystem /home/arnur/fp4-speech/.venv/lib/python3.12/site-packages/tvm_ffi/include -isystem /home/arnur/fp4-speech/.venv/lib/python3.12/site-packages/flashinfer/data/include -isystem /home/arnur/fp4-speech/.venv/lib/python3.12/site-packages/flashinfer/data/csrc -isystem /home/arnur/fp4-speech/.venv/lib/python3.12/site-packages/flashinfer/data/cutlass/include -isystem /home/arnur/fp4-speech/.venv/lib/python3.12/site-packages/flashinfer/data/cutlass/tools/util/include -isystem /home/arnur/fp4-speech/.venv/lib/python3.12/site-packages/flashinfer/data/spdlog/include --compiler-options=-fPIC --expt-relaxed-constexpr -static-global-template-stub=false -DFLASHINFER_ENABLE_FP8_E8M0 -DFLASHINFER_ENABLE_FP4_E2M1 -std=c++17 --threads=1 -use_fast_math -DFLASHINFER_ENABLE_F16 -DFLASHINFER_ENABLE_BF16 -DFLASHINFER_ENABLE_FP8_E4M3 -DFLASHINFER_ENABLE_FP8_E5M2 -DNDEBUG -O3 -gencode=arch=compute_120f,code=sm_120f -DFLASHINFER_ENABLE_FP8_E8M0 -DFLASHINFER_ENABLE_FP4_E2M1 -DENABLE_BF16 -DENABLE_FP4 -DCUTLASS_ENABLE_GDC_FOR_SM100=1 -c /home/arnur/.cache/flashinfer/0.6.11.post2/120f/generated/gen_gemm_sm120_cutlass_fp4/fp4_gemm_cutlass___nv_bfloat16_128_64_256.cu -o /home/arnur/.cache/flashinfer/0.6.11.post2/120f/cached_ops/fp4_gemm_cutlass_sm120/gen_gemm_sm120_cutlass_fp4_fp4_gemm_cutlass___nv_bfloat16_128_64_256.cuda.o 
FAILED: [code=1] /home/arnur/.cache/flashinfer/0.6.11.post2/120f/cached_ops/fp4_gemm_cutlass_sm120/gen_gemm_sm120_cutlass_fp4_fp4_gemm_cutlass___nv_bfloat16_128_64_256.cuda.o 
 /home/arnur/fp4-speech/.venv/lib/python3.12/site-packages/nvidia/cu13/bin/nvcc --generate-dependencies-with-compile -MF /home/arnur/.cache/flashinfer/0.6.11.post2/120f/cached_ops/fp4_gemm_cutlass_sm120/gen_gemm_sm120_cutlass_fp4_fp4_gemm_cutlass___nv_bfloat16_128_64_256.cuda.o.d -DPy_LIMITED_API=0x03090000 -D_GLIBCXX_USE_CXX11_ABI=1 -I/home/arnur/fp4-speech/.venv/lib/python3.12/site-packages/flashinfer/data/cccl/cub -I/home/arnur/fp4-speech/.venv/lib/python3.12/site-packages/flashinfer/data/cccl/libcudacxx/include -I/home/arnur/fp4-speech/.venv/lib/python3.12/site-packages/flashinfer/data/cccl/thrust -isystem /usr/include/python3.12 -isystem /home/arnur/fp4-speech/.venv/lib/python3.12/site-packages/nvidia/cu13/include -isystem /home/arnur/fp4-speech/.venv/lib/python3.12/site-packages/tvm_ffi/include -isystem /home/arnur/fp4-speech/.venv/lib/python3.12/site-packages/tvm_ffi/include -isystem /home/arnur/fp4-speech/.venv/lib/python3.12/site-packages/flashinfer/data/include -isystem /home/arnur/fp4-speech/.venv/lib/python3.12/site-packages/flashinfer/data/csrc -isystem /home/arnur/fp4-speech/.venv/lib/python3.12/site-packages/flashinfer/data/cutlass/include -isystem /home/arnur/fp4-speech/.venv/lib/python3.12/site-packages/flashinfer/data/cutlass/tools/util/include -isystem /home/arnur/fp4-speech/.venv/lib/python3.12/site-packages/flashinfer/data/spdlog/include --compiler-options=-fPIC --expt-relaxed-constexpr -static-global-template-stub=false -DFLASHINFER_ENABLE_FP8_E8M0 -DFLASHINFER_ENABLE_FP4_E2M1 -std=c++17 --threads=1 -use_fast_math -DFLASHINFER_ENABLE_F16 -DFLASHINFER_ENABLE_BF16 -DFLASHINFER_ENABLE_FP8_E4M3 -DFLASHINFER_ENABLE_FP8_E5M2 -DNDEBUG -O3 -gencode=arch=compute_120f,code=sm_120f -DFLASHINFER_ENABLE_FP8_E8M0 -DFLASHINFER_ENABLE_FP4_E2M1 -DENABLE_BF16 -DENABLE_FP4 -DCUTLASS_ENABLE_GDC_FOR_SM100=1 -c /home/arnur/.cache/flashinfer/0.6.11.post2/120f/generated/gen_gemm_sm120_cutlass_fp4/fp4_gemm_cutlass___nv_bfloat16_128_64_256.cu -o /home/arnur/.cache/flashinfer/0.6.11.post2/120f/cached_ops/fp4_gemm_cutlass_sm120/gen_gemm_sm120_cutlass_fp4_fp4_gemm_cutlass___nv_bfloat16_128_64_256.cuda.o 
In file included from /home/arnur/fp4-speech/.venv/lib/python3.12/site-packages/flashinfer/data/cccl/libcudacxx/include/cuda/std/__cccl/extended_data_types.h:26,
                 from /home/arnur/fp4-speech/.venv/lib/python3.12/site-packages/flashinfer/data/cccl/libcudacxx/include/cuda/std/__cccl/builtin.h:26,
                 from /home/arnur/fp4-speech/.venv/lib/python3.12/site-packages/flashinfer/data/cccl/libcudacxx/include/cuda/std/__cccl/dialect.h:25,
                 from /home/arnur/fp4-speech/.venv/lib/python3.12/site-packages/flashinfer/data/cccl/libcudacxx/include/cuda/std/__cccl/attributes.h:26,
                 from /home/arnur/fp4-speech/.venv/lib/python3.12/site-packages/flashinfer/data/cccl/libcudacxx/include/cuda/std/__cccl/assert.h:25,
                 from /home/arnur/fp4-speech/.venv/lib/python3.12/site-packages/flashinfer/data/cccl/libcudacxx/include/cuda/__cccl_config:15,
                 from /home/arnur/fp4-speech/.venv/lib/python3.12/site-packages/flashinfer/data/cccl/libcudacxx/include/cuda/std/__internal/atomic.h:13,
                 from /home/arnur/fp4-speech/.venv/lib/python3.12/site-packages/flashinfer/data/cccl/libcudacxx/include/cuda/std/detail/__config:14,
                 from /home/arnur/fp4-speech/.venv/lib/python3.12/site-packages/flashinfer/data/cccl/libcudacxx/include/cuda/std/utility:14,
                 from /home/arnur/fp4-speech/.venv/lib/python3.12/site-packages/flashinfer/data/cutlass/include/cutlass/fast_math.h:42,
                 from /home/arnur/fp4-speech/.venv/lib/python3.12/site-packages/flashinfer/data/cutlass/include/cute/numeric/math.hpp:36,
                 from /home/arnur/fp4-speech/.venv/lib/python3.12/site-packages/flashinfer/data/cutlass/include/cute/numeric/integral_constant.hpp:33,
                 from /home/arnur/fp4-speech/.venv/lib/python3.12/site-packages/flashinfer/data/cutlass/include/cute/numeric/integer_sequence.hpp:35,
                 from /home/arnur/fp4-speech/.venv/lib/python3.12/site-packages/flashinfer/data/cutlass/include/cute/arch/util.hpp:34,
                 from /home/arnur/fp4-speech/.venv/lib/python3.12/site-packages/flashinfer/data/cutlass/include/cute/arch/copy.hpp:35,
                 from /home/arnur/fp4-speech/.venv/lib/python3.12/site-packages/flashinfer/data/cutlass/include/cutlass/epilogue/collective/collective_builder.hpp:33,
                 from /home/arnur/fp4-speech/.venv/lib/python3.12/site-packages/flashinfer/data/include/flashinfer/gemm/fp4_gemm_cutlass_template_sm120.h:27,
                 from /home/arnur/.cache/flashinfer/0.6.11.post2/120f/generated/gen_gemm_sm120_cutlass_fp4/fp4_gemm_cutlass___nv_bfloat16_128_64_256.cu:18:
/home/arnur/fp4-speech/.venv/lib/python3.12/site-packages/flashinfer/data/cccl/libcudacxx/include/cuda/std/__cccl/cuda_toolkit.h:41:8: error: #error "CUDA compiler and CUDA toolkit headers are incompatible, please check your include paths"
   41 | #      error "CUDA compiler and CUDA toolkit headers are incompatible, please check your include paths"
      |        ^~~~~
[9/18]  /home/arnur/fp4-speech/.venv/lib/python3.12/site-packages/nvidia/cu13/bin/nvcc --generate-dependencies-with-compile -MF /home/arnur/.cache/flashinfer/0.6.11.post2/120f/cached_ops/fp4_gemm_cutlass_sm120/gen_gemm_sm120_cutlass_fp4_fp4_gemm_cutlass_half_128_32_128.cuda.o.d -DPy_LIMITED_API=0x03090000 -D_GLIBCXX_USE_CXX11_ABI=1 -I/home/arnur/fp4-speech/.venv/lib/python3.12/site-packages/flashinfer/data/cccl/cub -I/home/arnur/fp4-speech/.venv/lib/python3.12/site-packages/flashinfer/data/cccl/libcudacxx/include -I/home/arnur/fp4-speech/.venv/lib/python3.12/site-packages/flashinfer/data/cccl/thrust -isystem /usr/include/python3.12 -isystem /home/arnur/fp4-speech/.venv/lib/python3.12/site-packages/nvidia/cu13/include -isystem /home/arnur/fp4-speech/.venv/lib/python3.12/site-packages/tvm_ffi/include -isystem /home/arnur/fp4-speech/.venv/lib/python3.12/site-packages/tvm_ffi/include -isystem /home/arnur/fp4-speech/.venv/lib/python3.12/site-packages/flashinfer/data/include -isystem /home/arnur/fp4-speech/.venv/lib/python3.12/site-packages/flashinfer/data/csrc -isystem /home/arnur/fp4-speech/.venv/lib/python3.12/site-packages/flashinfer/data/cutlass/include -isystem /home/arnur/fp4-speech/.venv/lib/python3.12/site-packages/flashinfer/data/cutlass/tools/util/include -isystem /home/arnur/fp4-speech/.venv/lib/python3.12/site-packages/flashinfer/data/spdlog/include --compiler-options=-fPIC --expt-relaxed-constexpr -static-global-template-stub=false -DFLASHINFER_ENABLE_FP8_E8M0 -DFLASHINFER_ENABLE_FP4_E2M1 -std=c++17 --threads=1 -use_fast_math -DFLASHINFER_ENABLE_F16 -DFLASHINFER_ENABLE_BF16 -DFLASHINFER_ENABLE_FP8_E4M3 -DFLASHINFER_ENABLE_FP8_E5M2 -DNDEBUG -O3 -gencode=arch=compute_120f,code=sm_120f -DFLASHINFER_ENABLE_FP8_E8M0 -DFLASHINFER_ENABLE_FP4_E2M1 -DENABLE_BF16 -DENABLE_FP4 -DCUTLASS_ENABLE_GDC_FOR_SM100=1 -c /home/arnur/.cache/flashinfer/0.6.11.post2/120f/generated/gen_gemm_sm120_cutlass_fp4/fp4_gemm_cutlass_half_128_32_128.cu -o /home/arnur/.cache/flashinfer/0.6.11.post2/120f/cached_ops/fp4_gemm_cutlass_sm120/gen_gemm_sm120_cutlass_fp4_fp4_gemm_cutlass_half_128_32_128.cuda.o 
FAILED: [code=1] /home/arnur/.cache/flashinfer/0.6.11.post2/120f/cached_ops/fp4_gemm_cutlass_sm120/gen_gemm_sm120_cutlass_fp4_fp4_gemm_cutlass_half_128_32_128.cuda.o 
 /home/arnur/fp4-speech/.venv/lib/python3.12/site-packages/nvidia/cu13/bin/nvcc --generate-dependencies-with-compile -MF /home/arnur/.cache/flashinfer/0.6.11.post2/120f/cached_ops/fp4_gemm_cutlass_sm120/gen_gemm_sm120_cutlass_fp4_fp4_gemm_cutlass_half_128_32_128.cuda.o.d -DPy_LIMITED_API=0x03090000 -D_GLIBCXX_USE_CXX11_ABI=1 -I/home/arnur/fp4-speech/.venv/lib/python3.12/site-packages/flashinfer/data/cccl/cub -I/home/arnur/fp4-speech/.venv/lib/python3.12/site-packages/flashinfer/data/cccl/libcudacxx/include -I/home/arnur/fp4-speech/.venv/lib/python3.12/site-packages/flashinfer/data/cccl/thrust -isystem /usr/include/python3.12 -isystem /home/arnur/fp4-speech/.venv/lib/python3.12/site-packages/nvidia/cu13/include -isystem /home/arnur/fp4-speech/.venv/lib/python3.12/site-packages/tvm_ffi/include -isystem /home/arnur/fp4-speech/.venv/lib/python3.12/site-packages/tvm_ffi/include -isystem /home/arnur/fp4-speech/.venv/lib/python3.12/site-packages/flashinfer/data/include -isystem /home/arnur/fp4-speech/.venv/lib/python3.12/site-packages/flashinfer/data/csrc -isystem /home/arnur/fp4-speech/.venv/lib/python3.12/site-packages/flashinfer/data/cutlass/include -isystem /home/arnur/fp4-speech/.venv/lib/python3.12/site-packages/flashinfer/data/cutlass/tools/util/include -isystem /home/arnur/fp4-speech/.venv/lib/python3.12/site-packages/flashinfer/data/spdlog/include --compiler-options=-fPIC --expt-relaxed-constexpr -static-global-template-stub=false -DFLASHINFER_ENABLE_FP8_E8M0 -DFLASHINFER_ENABLE_FP4_E2M1 -std=c++17 --threads=1 -use_fast_math -DFLASHINFER_ENABLE_F16 -DFLASHINFER_ENABLE_BF16 -DFLASHINFER_ENABLE_FP8_E4M3 -DFLASHINFER_ENABLE_FP8_E5M2 -DNDEBUG -O3 -gencode=arch=compute_120f,code=sm_120f -DFLASHINFER_ENABLE_FP8_E8M0 -DFLASHINFER_ENABLE_FP4_E2M1 -DENABLE_BF16 -DENABLE_FP4 -DCUTLASS_ENABLE_GDC_FOR_SM100=1 -c /home/arnur/.cache/flashinfer/0.6.11.post2/120f/generated/gen_gemm_sm120_cutlass_fp4/fp4_gemm_cutlass_half_128_32_128.cu -o /home/arnur/.cache/flashinfer/0.6.11.post2/120f/cached_ops/fp4_gemm_cutlass_sm120/gen_gemm_sm120_cutlass_fp4_fp4_gemm_cutlass_half_128_32_128.cuda.o 
In file included from /home/arnur/fp4-speech/.venv/lib/python3.12/site-packages/flashinfer/data/cccl/libcudacxx/include/cuda/std/__cccl/extended_data_types.h:26,
                 from /home/arnur/fp4-speech/.venv/lib/python3.12/site-packages/flashinfer/data/cccl/libcudacxx/include/cuda/std/__cccl/builtin.h:26,
                 from /home/arnur/fp4-speech/.venv/lib/python3.12/site-packages/flashinfer/data/cccl/libcudacxx/include/cuda/std/__cccl/dialect.h:25,
                 from /home/arnur/fp4-speech/.venv/lib/python3.12/site-packages/flashinfer/data/cccl/libcudacxx/include/cuda/std/__cccl/attributes.h:26,
                 from /home/arnur/fp4-speech/.venv/lib/python3.12/site-packages/flashinfer/data/cccl/libcudacxx/include/cuda/std/__cccl/assert.h:25,
                 from /home/arnur/fp4-speech/.venv/lib/python3.12/site-packages/flashinfer/data/cccl/libcudacxx/include/cuda/__cccl_config:15,
                 from /home/arnur/fp4-speech/.venv/lib/python3.12/site-packages/flashinfer/data/cccl/libcudacxx/include/cuda/std/__internal/atomic.h:13,
                 from /home/arnur/fp4-speech/.venv/lib/python3.12/site-packages/flashinfer/data/cccl/libcudacxx/include/cuda/std/detail/__config:14,
                 from /home/arnur/fp4-speech/.venv/lib/python3.12/site-packages/flashinfer/data/cccl/libcudacxx/include/cuda/std/utility:14,
                 from /home/arnur/fp4-speech/.venv/lib/python3.12/site-packages/flashinfer/data/cutlass/include/cutlass/fast_math.h:42,
                 from /home/arnur/fp4-speech/.venv/lib/python3.12/site-packages/flashinfer/data/cutlass/include/cute/numeric/math.hpp:36,
                 from /home/arnur/fp4-speech/.venv/lib/python3.12/site-packages/flashinfer/data/cutlass/include/cute/numeric/integral_constant.hpp:33,
                 from /home/arnur/fp4-speech/.venv/lib/python3.12/site-packages/flashinfer/data/cutlass/include/cute/numeric/integer_sequence.hpp:35,
                 from /home/arnur/fp4-speech/.venv/lib/python3.12/site-packages/flashinfer/data/cutlass/include/cute/arch/util.hpp:34,
                 from /home/arnur/fp4-speech/.venv/lib/python3.12/site-packages/flashinfer/data/cutlass/include/cute/arch/copy.hpp:35,
                 from /home/arnur/fp4-speech/.venv/lib/python3.12/site-packages/flashinfer/data/cutlass/include/cutlass/epilogue/collective/collective_builder.hpp:33,
                 from /home/arnur/fp4-speech/.venv/lib/python3.12/site-packages/flashinfer/data/include/flashinfer/gemm/fp4_gemm_cutlass_template_sm120.h:27,
                 from /home/arnur/.cache/flashinfer/0.6.11.post2/120f/generated/gen_gemm_sm120_cutlass_fp4/fp4_gemm_cutlass_half_128_32_128.cu:18:
/home/arnur/fp4-speech/.venv/lib/python3.12/site-packages/flashinfer/data/cccl/libcudacxx/include/cuda/std/__cccl/cuda_toolkit.h:41:8: error: #error "CUDA compiler and CUDA toolkit headers are incompatible, please check your include paths"
   41 | #      error "CUDA compiler and CUDA toolkit headers are incompatible, please check your include paths"
      |        ^~~~~
[10/18]  /home/arnur/fp4-speech/.venv/lib/python3.12/site-packages/nvidia/cu13/bin/nvcc --generate-dependencies-with-compile -MF /home/arnur/.cache/flashinfer/0.6.11.post2/120f/cached_ops/fp4_gemm_cutlass_sm120/gen_gemm_sm120_cutlass_fp4_fp4_gemm_cutlass___nv_bfloat16_128_32_256.cuda.o.d -DPy_LIMITED_API=0x03090000 -D_GLIBCXX_USE_CXX11_ABI=1 -I/home/arnur/fp4-speech/.venv/lib/python3.12/site-packages/flashinfer/data/cccl/cub -I/home/arnur/fp4-speech/.venv/lib/python3.12/site-packages/flashinfer/data/cccl/libcudacxx/include -I/home/arnur/fp4-speech/.venv/lib/python3.12/site-packages/flashinfer/data/cccl/thrust -isystem /usr/include/python3.12 -isystem /home/arnur/fp4-speech/.venv/lib/python3.12/site-packages/nvidia/cu13/include -isystem /home/arnur/fp4-speech/.venv/lib/python3.12/site-packages/tvm_ffi/include -isystem /home/arnur/fp4-speech/.venv/lib/python3.12/site-packages/tvm_ffi/include -isystem /home/arnur/fp4-speech/.venv/lib/python3.12/site-packages/flashinfer/data/include -isystem /home/arnur/fp4-speech/.venv/lib/python3.12/site-packages/flashinfer/data/csrc -isystem /home/arnur/fp4-speech/.venv/lib/python3.12/site-packages/flashinfer/data/cutlass/include -isystem /home/arnur/fp4-speech/.venv/lib/python3.12/site-packages/flashinfer/data/cutlass/tools/util/include -isystem /home/arnur/fp4-speech/.venv/lib/python3.12/site-packages/flashinfer/data/spdlog/include --compiler-options=-fPIC --expt-relaxed-constexpr -static-global-template-stub=false -DFLASHINFER_ENABLE_FP8_E8M0 -DFLASHINFER_ENABLE_FP4_E2M1 -std=c++17 --threads=1 -use_fast_math -DFLASHINFER_ENABLE_F16 -DFLASHINFER_ENABLE_BF16 -DFLASHINFER_ENABLE_FP8_E4M3 -DFLASHINFER_ENABLE_FP8_E5M2 -DNDEBUG -O3 -gencode=arch=compute_120f,code=sm_120f -DFLASHINFER_ENABLE_FP8_E8M0 -DFLASHINFER_ENABLE_FP4_E2M1 -DENABLE_BF16 -DENABLE_FP4 -DCUTLASS_ENABLE_GDC_FOR_SM100=1 -c /home/arnur/.cache/flashinfer/0.6.11.post2/120f/generated/gen_gemm_sm120_cutlass_fp4/fp4_gemm_cutlass___nv_bfloat16_128_32_256.cu -o /home/arnur/.cache/flashinfer/0.6.11.post2/120f/cached_ops/fp4_gemm_cutlass_sm120/gen_gemm_sm120_cutlass_fp4_fp4_gemm_cutlass___nv_bfloat16_128_32_256.cuda.o 
FAILED: [code=1] /home/arnur/.cache/flashinfer/0.6.11.post2/120f/cached_ops/fp4_gemm_cutlass_sm120/gen_gemm_sm120_cutlass_fp4_fp4_gemm_cutlass___nv_bfloat16_128_32_256.cuda.o 
 /home/arnur/fp4-speech/.venv/lib/python3.12/site-packages/nvidia/cu13/bin/nvcc --generate-dependencies-with-compile -MF /home/arnur/.cache/flashinfer/0.6.11.post2/120f/cached_ops/fp4_gemm_cutlass_sm120/gen_gemm_sm120_cutlass_fp4_fp4_gemm_cutlass___nv_bfloat16_128_32_256.cuda.o.d -DPy_LIMITED_API=0x03090000 -D_GLIBCXX_USE_CXX11_ABI=1 -I/home/arnur/fp4-speech/.venv/lib/python3.12/site-packages/flashinfer/data/cccl/cub -I/home/arnur/fp4-speech/.venv/lib/python3.12/site-packages/flashinfer/data/cccl/libcudacxx/include -I/home/arnur/fp4-speech/.venv/lib/python3.12/site-packages/flashinfer/data/cccl/thrust -isystem /usr/include/python3.12 -isystem /home/arnur/fp4-speech/.venv/lib/python3.12/site-packages/nvidia/cu13/include -isystem /home/arnur/fp4-speech/.venv/lib/python3.12/site-packages/tvm_ffi/include -isystem /home/arnur/fp4-speech/.venv/lib/python3.12/site-packages/tvm_ffi/include -isystem /home/arnur/fp4-speech/.venv/lib/python3.12/site-packages/flashinfer/data/include -isystem /home/arnur/fp4-speech/.venv/lib/python3.12/site-packages/flashinfer/data/csrc -isystem /home/arnur/fp4-speech/.venv/lib/python3.12/site-packages/flashinfer/data/cutlass/include -isystem /home/arnur/fp4-speech/.venv/lib/python3.12/site-packages/flashinfer/data/cutlass/tools/util/include -isystem /home/arnur/fp4-speech/.venv/lib/python3.12/site-packages/flashinfer/data/spdlog/include --compiler-options=-fPIC --expt-relaxed-constexpr -static-global-template-stub=false -DFLASHINFER_ENABLE_FP8_E8M0 -DFLASHINFER_ENABLE_FP4_E2M1 -std=c++17 --threads=1 -use_fast_math -DFLASHINFER_ENABLE_F16 -DFLASHINFER_ENABLE_BF16 -DFLASHINFER_ENABLE_FP8_E4M3 -DFLASHINFER_ENABLE_FP8_E5M2 -DNDEBUG -O3 -gencode=arch=compute_120f,code=sm_120f -DFLASHINFER_ENABLE_FP8_E8M0 -DFLASHINFER_ENABLE_FP4_E2M1 -DENABLE_BF16 -DENABLE_FP4 -DCUTLASS_ENABLE_GDC_FOR_SM100=1 -c /home/arnur/.cache/flashinfer/0.6.11.post2/120f/generated/gen_gemm_sm120_cutlass_fp4/fp4_gemm_cutlass___nv_bfloat16_128_32_256.cu -o /home/arnur/.cache/flashinfer/0.6.11.post2/120f/cached_ops/fp4_gemm_cutlass_sm120/gen_gemm_sm120_cutlass_fp4_fp4_gemm_cutlass___nv_bfloat16_128_32_256.cuda.o 
In file included from /home/arnur/fp4-speech/.venv/lib/python3.12/site-packages/flashinfer/data/cccl/libcudacxx/include/cuda/std/__cccl/extended_data_types.h:26,
                 from /home/arnur/fp4-speech/.venv/lib/python3.12/site-packages/flashinfer/data/cccl/libcudacxx/include/cuda/std/__cccl/builtin.h:26,
                 from /home/arnur/fp4-speech/.venv/lib/python3.12/site-packages/flashinfer/data/cccl/libcudacxx/include/cuda/std/__cccl/dialect.h:25,
                 from /home/arnur/fp4-speech/.venv/lib/python3.12/site-packages/flashinfer/data/cccl/libcudacxx/include/cuda/std/__cccl/attributes.h:26,
                 from /home/arnur/fp4-speech/.venv/lib/python3.12/site-packages/flashinfer/data/cccl/libcudacxx/include/cuda/std/__cccl/assert.h:25,
                 from /home/arnur/fp4-speech/.venv/lib/python3.12/site-packages/flashinfer/data/cccl/libcudacxx/include/cuda/__cccl_config:15,
                 from /home/arnur/fp4-speech/.venv/lib/python3.12/site-packages/flashinfer/data/cccl/libcudacxx/include/cuda/std/__internal/atomic.h:13,
                 from /home/arnur/fp4-speech/.venv/lib/python3.12/site-packages/flashinfer/data/cccl/libcudacxx/include/cuda/std/detail/__config:14,
                 from /home/arnur/fp4-speech/.venv/lib/python3.12/site-packages/flashinfer/data/cccl/libcudacxx/include/cuda/std/utility:14,
                 from /home/arnur/fp4-speech/.venv/lib/python3.12/site-packages/flashinfer/data/cutlass/include/cutlass/fast_math.h:42,
                 from /home/arnur/fp4-speech/.venv/lib/python3.12/site-packages/flashinfer/data/cutlass/include/cute/numeric/math.hpp:36,
                 from /home/arnur/fp4-speech/.venv/lib/python3.12/site-packages/flashinfer/data/cutlass/include/cute/numeric/integral_constant.hpp:33,
                 from /home/arnur/fp4-speech/.venv/lib/python3.12/site-packages/flashinfer/data/cutlass/include/cute/numeric/integer_sequence.hpp:35,
                 from /home/arnur/fp4-speech/.venv/lib/python3.12/site-packages/flashinfer/data/cutlass/include/cute/arch/util.hpp:34,
                 from /home/arnur/fp4-speech/.venv/lib/python3.12/site-packages/flashinfer/data/cutlass/include/cute/arch/copy.hpp:35,
                 from /home/arnur/fp4-speech/.venv/lib/python3.12/site-packages/flashinfer/data/cutlass/include/cutlass/epilogue/collective/collective_builder.hpp:33,
                 from /home/arnur/fp4-speech/.venv/lib/python3.12/site-packages/flashinfer/data/include/flashinfer/gemm/fp4_gemm_cutlass_template_sm120.h:27,
                 from /home/arnur/.cache/flashinfer/0.6.11.post2/120f/generated/gen_gemm_sm120_cutlass_fp4/fp4_gemm_cutlass___nv_bfloat16_128_32_256.cu:18:
/home/arnur/fp4-speech/.venv/lib/python3.12/site-packages/flashinfer/data/cccl/libcudacxx/include/cuda/std/__cccl/cuda_toolkit.h:41:8: error: #error "CUDA compiler and CUDA toolkit headers are incompatible, please check your include paths"
   41 | #      error "CUDA compiler and CUDA toolkit headers are incompatible, please check your include paths"
      |        ^~~~~
[11/18]  /home/arnur/fp4-speech/.venv/lib/python3.12/site-packages/nvidia/cu13/bin/nvcc --generate-dependencies-with-compile -MF /home/arnur/.cache/flashinfer/0.6.11.post2/120f/cached_ops/fp4_gemm_cutlass_sm120/gen_gemm_sm120_cutlass_fp4_fp4_gemm_cutlass_half_128_256_128.cuda.o.d -DPy_LIMITED_API=0x03090000 -D_GLIBCXX_USE_CXX11_ABI=1 -I/home/arnur/fp4-speech/.venv/lib/python3.12/site-packages/flashinfer/data/cccl/cub -I/home/arnur/fp4-speech/.venv/lib/python3.12/site-packages/flashinfer/data/cccl/libcudacxx/include -I/home/arnur/fp4-speech/.venv/lib/python3.12/site-packages/flashinfer/data/cccl/thrust -isystem /usr/include/python3.12 -isystem /home/arnur/fp4-speech/.venv/lib/python3.12/site-packages/nvidia/cu13/include -isystem /home/arnur/fp4-speech/.venv/lib/python3.12/site-packages/tvm_ffi/include -isystem /home/arnur/fp4-speech/.venv/lib/python3.12/site-packages/tvm_ffi/include -isystem /home/arnur/fp4-speech/.venv/lib/python3.12/site-packages/flashinfer/data/include -isystem /home/arnur/fp4-speech/.venv/lib/python3.12/site-packages/flashinfer/data/csrc -isystem /home/arnur/fp4-speech/.venv/lib/python3.12/site-packages/flashinfer/data/cutlass/include -isystem /home/arnur/fp4-speech/.venv/lib/python3.12/site-packages/flashinfer/data/cutlass/tools/util/include -isystem /home/arnur/fp4-speech/.venv/lib/python3.12/site-packages/flashinfer/data/spdlog/include --compiler-options=-fPIC --expt-relaxed-constexpr -static-global-template-stub=false -DFLASHINFER_ENABLE_FP8_E8M0 -DFLASHINFER_ENABLE_FP4_E2M1 -std=c++17 --threads=1 -use_fast_math -DFLASHINFER_ENABLE_F16 -DFLASHINFER_ENABLE_BF16 -DFLASHINFER_ENABLE_FP8_E4M3 -DFLASHINFER_ENABLE_FP8_E5M2 -DNDEBUG -O3 -gencode=arch=compute_120f,code=sm_120f -DFLASHINFER_ENABLE_FP8_E8M0 -DFLASHINFER_ENABLE_FP4_E2M1 -DENABLE_BF16 -DENABLE_FP4 -DCUTLASS_ENABLE_GDC_FOR_SM100=1 -c /home/arnur/.cache/flashinfer/0.6.11.post2/120f/generated/gen_gemm_sm120_cutlass_fp4/fp4_gemm_cutlass_half_128_256_128.cu -o /home/arnur/.cache/flashinfer/0.6.11.post2/120f/cached_ops/fp4_gemm_cutlass_sm120/gen_gemm_sm120_cutlass_fp4_fp4_gemm_cutlass_half_128_256_128.cuda.o 
FAILED: [code=1] /home/arnur/.cache/flashinfer/0.6.11.post2/120f/cached_ops/fp4_gemm_cutlass_sm120/gen_gemm_sm120_cutlass_fp4_fp4_gemm_cutlass_half_128_256_128.cuda.o 
 /home/arnur/fp4-speech/.venv/lib/python3.12/site-packages/nvidia/cu13/bin/nvcc --generate-dependencies-with-compile -MF /home/arnur/.cache/flashinfer/0.6.11.post2/120f/cached_ops/fp4_gemm_cutlass_sm120/gen_gemm_sm120_cutlass_fp4_fp4_gemm_cutlass_half_128_256_128.cuda.o.d -DPy_LIMITED_API=0x03090000 -D_GLIBCXX_USE_CXX11_ABI=1 -I/home/arnur/fp4-speech/.venv/lib/python3.12/site-packages/flashinfer/data/cccl/cub -I/home/arnur/fp4-speech/.venv/lib/python3.12/site-packages/flashinfer/data/cccl/libcudacxx/include -I/home/arnur/fp4-speech/.venv/lib/python3.12/site-packages/flashinfer/data/cccl/thrust -isystem /usr/include/python3.12 -isystem /home/arnur/fp4-speech/.venv/lib/python3.12/site-packages/nvidia/cu13/include -isystem /home/arnur/fp4-speech/.venv/lib/python3.12/site-packages/tvm_ffi/include -isystem /home/arnur/fp4-speech/.venv/lib/python3.12/site-packages/tvm_ffi/include -isystem /home/arnur/fp4-speech/.venv/lib/python3.12/site-packages/flashinfer/data/include -isystem /home/arnur/fp4-speech/.venv/lib/python3.12/site-packages/flashinfer/data/csrc -isystem /home/arnur/fp4-speech/.venv/lib/python3.12/site-packages/flashinfer/data/cutlass/include -isystem /home/arnur/fp4-speech/.venv/lib/python3.12/site-packages/flashinfer/data/cutlass/tools/util/include -isystem /home/arnur/fp4-speech/.venv/lib/python3.12/site-packages/flashinfer/data/spdlog/include --compiler-options=-fPIC --expt-relaxed-constexpr -static-global-template-stub=false -DFLASHINFER_ENABLE_FP8_E8M0 -DFLASHINFER_ENABLE_FP4_E2M1 -std=c++17 --threads=1 -use_fast_math -DFLASHINFER_ENABLE_F16 -DFLASHINFER_ENABLE_BF16 -DFLASHINFER_ENABLE_FP8_E4M3 -DFLASHINFER_ENABLE_FP8_E5M2 -DNDEBUG -O3 -gencode=arch=compute_120f,code=sm_120f -DFLASHINFER_ENABLE_FP8_E8M0 -DFLASHINFER_ENABLE_FP4_E2M1 -DENABLE_BF16 -DENABLE_FP4 -DCUTLASS_ENABLE_GDC_FOR_SM100=1 -c /home/arnur/.cache/flashinfer/0.6.11.post2/120f/generated/gen_gemm_sm120_cutlass_fp4/fp4_gemm_cutlass_half_128_256_128.cu -o /home/arnur/.cache/flashinfer/0.6.11.post2/120f/cached_ops/fp4_gemm_cutlass_sm120/gen_gemm_sm120_cutlass_fp4_fp4_gemm_cutlass_half_128_256_128.cuda.o 
In file included from /home/arnur/fp4-speech/.venv/lib/python3.12/site-packages/flashinfer/data/cccl/libcudacxx/include/cuda/std/__cccl/extended_data_types.h:26,
                 from /home/arnur/fp4-speech/.venv/lib/python3.12/site-packages/flashinfer/data/cccl/libcudacxx/include/cuda/std/__cccl/builtin.h:26,
                 from /home/arnur/fp4-speech/.venv/lib/python3.12/site-packages/flashinfer/data/cccl/libcudacxx/include/cuda/std/__cccl/dialect.h:25,
                 from /home/arnur/fp4-speech/.venv/lib/python3.12/site-packages/flashinfer/data/cccl/libcudacxx/include/cuda/std/__cccl/attributes.h:26,
                 from /home/arnur/fp4-speech/.venv/lib/python3.12/site-packages/flashinfer/data/cccl/libcudacxx/include/cuda/std/__cccl/assert.h:25,
                 from /home/arnur/fp4-speech/.venv/lib/python3.12/site-packages/flashinfer/data/cccl/libcudacxx/include/cuda/__cccl_config:15,
                 from /home/arnur/fp4-speech/.venv/lib/python3.12/site-packages/flashinfer/data/cccl/libcudacxx/include/cuda/std/__internal/atomic.h:13,
                 from /home/arnur/fp4-speech/.venv/lib/python3.12/site-packages/flashinfer/data/cccl/libcudacxx/include/cuda/std/detail/__config:14,
                 from /home/arnur/fp4-speech/.venv/lib/python3.12/site-packages/flashinfer/data/cccl/libcudacxx/include/cuda/std/utility:14,
                 from /home/arnur/fp4-speech/.venv/lib/python3.12/site-packages/flashinfer/data/cutlass/include/cutlass/fast_math.h:42,
                 from /home/arnur/fp4-speech/.venv/lib/python3.12/site-packages/flashinfer/data/cutlass/include/cute/numeric/math.hpp:36,
                 from /home/arnur/fp4-speech/.venv/lib/python3.12/site-packages/flashinfer/data/cutlass/include/cute/numeric/integral_constant.hpp:33,
                 from /home/arnur/fp4-speech/.venv/lib/python3.12/site-packages/flashinfer/data/cutlass/include/cute/numeric/integer_sequence.hpp:35,
                 from /home/arnur/fp4-speech/.venv/lib/python3.12/site-packages/flashinfer/data/cutlass/include/cute/arch/util.hpp:34,
                 from /home/arnur/fp4-speech/.venv/lib/python3.12/site-packages/flashinfer/data/cutlass/include/cute/arch/copy.hpp:35,
                 from /home/arnur/fp4-speech/.venv/lib/python3.12/site-packages/flashinfer/data/cutlass/include/cutlass/epilogue/collective/collective_builder.hpp:33,
                 from /home/arnur/fp4-speech/.venv/lib/python3.12/site-packages/flashinfer/data/include/flashinfer/gemm/fp4_gemm_cutlass_template_sm120.h:27,
                 from /home/arnur/.cache/flashinfer/0.6.11.post2/120f/generated/gen_gemm_sm120_cutlass_fp4/fp4_gemm_cutlass_half_128_256_128.cu:18:
/home/arnur/fp4-speech/.venv/lib/python3.12/site-packages/flashinfer/data/cccl/libcudacxx/include/cuda/std/__cccl/cuda_toolkit.h:41:8: error: #error "CUDA compiler and CUDA toolkit headers are incompatible, please check your include paths"
   41 | #      error "CUDA compiler and CUDA toolkit headers are incompatible, please check your include paths"
      |        ^~~~~
[12/18]  /home/arnur/fp4-speech/.venv/lib/python3.12/site-packages/nvidia/cu13/bin/nvcc --generate-dependencies-with-compile -MF /home/arnur/.cache/flashinfer/0.6.11.post2/120f/cached_ops/fp4_gemm_cutlass_sm120/gen_gemm_sm120_cutlass_fp4_fp4_gemm_cutlass_half_128_32_256.cuda.o.d -DPy_LIMITED_API=0x03090000 -D_GLIBCXX_USE_CXX11_ABI=1 -I/home/arnur/fp4-speech/.venv/lib/python3.12/site-packages/flashinfer/data/cccl/cub -I/home/arnur/fp4-speech/.venv/lib/python3.12/site-packages/flashinfer/data/cccl/libcudacxx/include -I/home/arnur/fp4-speech/.venv/lib/python3.12/site-packages/flashinfer/data/cccl/thrust -isystem /usr/include/python3.12 -isystem /home/arnur/fp4-speech/.venv/lib/python3.12/site-packages/nvidia/cu13/include -isystem /home/arnur/fp4-speech/.venv/lib/python3.12/site-packages/tvm_ffi/include -isystem /home/arnur/fp4-speech/.venv/lib/python3.12/site-packages/tvm_ffi/include -isystem /home/arnur/fp4-speech/.venv/lib/python3.12/site-packages/flashinfer/data/include -isystem /home/arnur/fp4-speech/.venv/lib/python3.12/site-packages/flashinfer/data/csrc -isystem /home/arnur/fp4-speech/.venv/lib/python3.12/site-packages/flashinfer/data/cutlass/include -isystem /home/arnur/fp4-speech/.venv/lib/python3.12/site-packages/flashinfer/data/cutlass/tools/util/include -isystem /home/arnur/fp4-speech/.venv/lib/python3.12/site-packages/flashinfer/data/spdlog/include --compiler-options=-fPIC --expt-relaxed-constexpr -static-global-template-stub=false -DFLASHINFER_ENABLE_FP8_E8M0 -DFLASHINFER_ENABLE_FP4_E2M1 -std=c++17 --threads=1 -use_fast_math -DFLASHINFER_ENABLE_F16 -DFLASHINFER_ENABLE_BF16 -DFLASHINFER_ENABLE_FP8_E4M3 -DFLASHINFER_ENABLE_FP8_E5M2 -DNDEBUG -O3 -gencode=arch=compute_120f,code=sm_120f -DFLASHINFER_ENABLE_FP8_E8M0 -DFLASHINFER_ENABLE_FP4_E2M1 -DENABLE_BF16 -DENABLE_FP4 -DCUTLASS_ENABLE_GDC_FOR_SM100=1 -c /home/arnur/.cache/flashinfer/0.6.11.post2/120f/generated/gen_gemm_sm120_cutlass_fp4/fp4_gemm_cutlass_half_128_32_256.cu -o /home/arnur/.cache/flashinfer/0.6.11.post2/120f/cached_ops/fp4_gemm_cutlass_sm120/gen_gemm_sm120_cutlass_fp4_fp4_gemm_cutlass_half_128_32_256.cuda.o 
FAILED: [code=1] /home/arnur/.cache/flashinfer/0.6.11.post2/120f/cached_ops/fp4_gemm_cutlass_sm120/gen_gemm_sm120_cutlass_fp4_fp4_gemm_cutlass_half_128_32_256.cuda.o 
 /home/arnur/fp4-speech/.venv/lib/python3.12/site-packages/nvidia/cu13/bin/nvcc --generate-dependencies-with-compile -MF /home/arnur/.cache/flashinfer/0.6.11.post2/120f/cached_ops/fp4_gemm_cutlass_sm120/gen_gemm_sm120_cutlass_fp4_fp4_gemm_cutlass_half_128_32_256.cuda.o.d -DPy_LIMITED_API=0x03090000 -D_GLIBCXX_USE_CXX11_ABI=1 -I/home/arnur/fp4-speech/.venv/lib/python3.12/site-packages/flashinfer/data/cccl/cub -I/home/arnur/fp4-speech/.venv/lib/python3.12/site-packages/flashinfer/data/cccl/libcudacxx/include -I/home/arnur/fp4-speech/.venv/lib/python3.12/site-packages/flashinfer/data/cccl/thrust -isystem /usr/include/python3.12 -isystem /home/arnur/fp4-speech/.venv/lib/python3.12/site-packages/nvidia/cu13/include -isystem /home/arnur/fp4-speech/.venv/lib/python3.12/site-packages/tvm_ffi/include -isystem /home/arnur/fp4-speech/.venv/lib/python3.12/site-packages/tvm_ffi/include -isystem /home/arnur/fp4-speech/.venv/lib/python3.12/site-packages/flashinfer/data/include -isystem /home/arnur/fp4-speech/.venv/lib/python3.12/site-packages/flashinfer/data/csrc -isystem /home/arnur/fp4-speech/.venv/lib/python3.12/site-packages/flashinfer/data/cutlass/include -isystem /home/arnur/fp4-speech/.venv/lib/python3.12/site-packages/flashinfer/data/cutlass/tools/util/include -isystem /home/arnur/fp4-speech/.venv/lib/python3.12/site-packages/flashinfer/data/spdlog/include --compiler-options=-fPIC --expt-relaxed-constexpr -static-global-template-stub=false -DFLASHINFER_ENABLE_FP8_E8M0 -DFLASHINFER_ENABLE_FP4_E2M1 -std=c++17 --threads=1 -use_fast_math -DFLASHINFER_ENABLE_F16 -DFLASHINFER_ENABLE_BF16 -DFLASHINFER_ENABLE_FP8_E4M3 -DFLASHINFER_ENABLE_FP8_E5M2 -DNDEBUG -O3 -gencode=arch=compute_120f,code=sm_120f -DFLASHINFER_ENABLE_FP8_E8M0 -DFLASHINFER_ENABLE_FP4_E2M1 -DENABLE_BF16 -DENABLE_FP4 -DCUTLASS_ENABLE_GDC_FOR_SM100=1 -c /home/arnur/.cache/flashinfer/0.6.11.post2/120f/generated/gen_gemm_sm120_cutlass_fp4/fp4_gemm_cutlass_half_128_32_256.cu -o /home/arnur/.cache/flashinfer/0.6.11.post2/120f/cached_ops/fp4_gemm_cutlass_sm120/gen_gemm_sm120_cutlass_fp4_fp4_gemm_cutlass_half_128_32_256.cuda.o 
In file included from /home/arnur/fp4-speech/.venv/lib/python3.12/site-packages/flashinfer/data/cccl/libcudacxx/include/cuda/std/__cccl/extended_data_types.h:26,
                 from /home/arnur/fp4-speech/.venv/lib/python3.12/site-packages/flashinfer/data/cccl/libcudacxx/include/cuda/std/__cccl/builtin.h:26,
                 from /home/arnur/fp4-speech/.venv/lib/python3.12/site-packages/flashinfer/data/cccl/libcudacxx/include/cuda/std/__cccl/dialect.h:25,
                 from /home/arnur/fp4-speech/.venv/lib/python3.12/site-packages/flashinfer/data/cccl/libcudacxx/include/cuda/std/__cccl/attributes.h:26,
                 from /home/arnur/fp4-speech/.venv/lib/python3.12/site-packages/flashinfer/data/cccl/libcudacxx/include/cuda/std/__cccl/assert.h:25,
                 from /home/arnur/fp4-speech/.venv/lib/python3.12/site-packages/flashinfer/data/cccl/libcudacxx/include/cuda/__cccl_config:15,
                 from /home/arnur/fp4-speech/.venv/lib/python3.12/site-packages/flashinfer/data/cccl/libcudacxx/include/cuda/std/__internal/atomic.h:13,
                 from /home/arnur/fp4-speech/.venv/lib/python3.12/site-packages/flashinfer/data/cccl/libcudacxx/include/cuda/std/detail/__config:14,
                 from /home/arnur/fp4-speech/.venv/lib/python3.12/site-packages/flashinfer/data/cccl/libcudacxx/include/cuda/std/utility:14,
                 from /home/arnur/fp4-speech/.venv/lib/python3.12/site-packages/flashinfer/data/cutlass/include/cutlass/fast_math.h:42,
                 from /home/arnur/fp4-speech/.venv/lib/python3.12/site-packages/flashinfer/data/cutlass/include/cute/numeric/math.hpp:36,
                 from /home/arnur/fp4-speech/.venv/lib/python3.12/site-packages/flashinfer/data/cutlass/include/cute/numeric/integral_constant.hpp:33,
                 from /home/arnur/fp4-speech/.venv/lib/python3.12/site-packages/flashinfer/data/cutlass/include/cute/numeric/integer_sequence.hpp:35,
                 from /home/arnur/fp4-speech/.venv/lib/python3.12/site-packages/flashinfer/data/cutlass/include/cute/arch/util.hpp:34,
                 from /home/arnur/fp4-speech/.venv/lib/python3.12/site-packages/flashinfer/data/cutlass/include/cute/arch/copy.hpp:35,
                 from /home/arnur/fp4-speech/.venv/lib/python3.12/site-packages/flashinfer/data/cutlass/include/cutlass/epilogue/collective/collective_builder.hpp:33,
                 from /home/arnur/fp4-speech/.venv/lib/python3.12/site-packages/flashinfer/data/include/flashinfer/gemm/fp4_gemm_cutlass_template_sm120.h:27,
                 from /home/arnur/.cache/flashinfer/0.6.11.post2/120f/generated/gen_gemm_sm120_cutlass_fp4/fp4_gemm_cutlass_half_128_32_256.cu:18:
/home/arnur/fp4-speech/.venv/lib/python3.12/site-packages/flashinfer/data/cccl/libcudacxx/include/cuda/std/__cccl/cuda_toolkit.h:41:8: error: #error "CUDA compiler and CUDA toolkit headers are incompatible, please check your include paths"
   41 | #      error "CUDA compiler and CUDA toolkit headers are incompatible, please check your include paths"
      |        ^~~~~
[13/18]  /home/arnur/fp4-speech/.venv/lib/python3.12/site-packages/nvidia/cu13/bin/nvcc --generate-dependencies-with-compile -MF /home/arnur/.cache/flashinfer/0.6.11.post2/120f/cached_ops/fp4_gemm_cutlass_sm120/gen_gemm_sm120_cutlass_fp4_fp4_gemm_cutlass___nv_bfloat16_256_128_128.cuda.o.d -DPy_LIMITED_API=0x03090000 -D_GLIBCXX_USE_CXX11_ABI=1 -I/home/arnur/fp4-speech/.venv/lib/python3.12/site-packages/flashinfer/data/cccl/cub -I/home/arnur/fp4-speech/.venv/lib/python3.12/site-packages/flashinfer/data/cccl/libcudacxx/include -I/home/arnur/fp4-speech/.venv/lib/python3.12/site-packages/flashinfer/data/cccl/thrust -isystem /usr/include/python3.12 -isystem /home/arnur/fp4-speech/.venv/lib/python3.12/site-packages/nvidia/cu13/include -isystem /home/arnur/fp4-speech/.venv/lib/python3.12/site-packages/tvm_ffi/include -isystem /home/arnur/fp4-speech/.venv/lib/python3.12/site-packages/tvm_ffi/include -isystem /home/arnur/fp4-speech/.venv/lib/python3.12/site-packages/flashinfer/data/include -isystem /home/arnur/fp4-speech/.venv/lib/python3.12/site-packages/flashinfer/data/csrc -isystem /home/arnur/fp4-speech/.venv/lib/python3.12/site-packages/flashinfer/data/cutlass/include -isystem /home/arnur/fp4-speech/.venv/lib/python3.12/site-packages/flashinfer/data/cutlass/tools/util/include -isystem /home/arnur/fp4-speech/.venv/lib/python3.12/site-packages/flashinfer/data/spdlog/include --compiler-options=-fPIC --expt-relaxed-constexpr -static-global-template-stub=false -DFLASHINFER_ENABLE_FP8_E8M0 -DFLASHINFER_ENABLE_FP4_E2M1 -std=c++17 --threads=1 -use_fast_math -DFLASHINFER_ENABLE_F16 -DFLASHINFER_ENABLE_BF16 -DFLASHINFER_ENABLE_FP8_E4M3 -DFLASHINFER_ENABLE_FP8_E5M2 -DNDEBUG -O3 -gencode=arch=compute_120f,code=sm_120f -DFLASHINFER_ENABLE_FP8_E8M0 -DFLASHINFER_ENABLE_FP4_E2M1 -DENABLE_BF16 -DENABLE_FP4 -DCUTLASS_ENABLE_GDC_FOR_SM100=1 -c /home/arnur/.cache/flashinfer/0.6.11.post2/120f/generated/gen_gemm_sm120_cutlass_fp4/fp4_gemm_cutlass___nv_bfloat16_256_128_128.cu -o /home/arnur/.cache/flashinfer/0.6.11.post2/120f/cached_ops/fp4_gemm_cutlass_sm120/gen_gemm_sm120_cutlass_fp4_fp4_gemm_cutlass___nv_bfloat16_256_128_128.cuda.o 
FAILED: [code=1] /home/arnur/.cache/flashinfer/0.6.11.post2/120f/cached_ops/fp4_gemm_cutlass_sm120/gen_gemm_sm120_cutlass_fp4_fp4_gemm_cutlass___nv_bfloat16_256_128_128.cuda.o 
 /home/arnur/fp4-speech/.venv/lib/python3.12/site-packages/nvidia/cu13/bin/nvcc --generate-dependencies-with-compile -MF /home/arnur/.cache/flashinfer/0.6.11.post2/120f/cached_ops/fp4_gemm_cutlass_sm120/gen_gemm_sm120_cutlass_fp4_fp4_gemm_cutlass___nv_bfloat16_256_128_128.cuda.o.d -DPy_LIMITED_API=0x03090000 -D_GLIBCXX_USE_CXX11_ABI=1 -I/home/arnur/fp4-speech/.venv/lib/python3.12/site-packages/flashinfer/data/cccl/cub -I/home/arnur/fp4-speech/.venv/lib/python3.12/site-packages/flashinfer/data/cccl/libcudacxx/include -I/home/arnur/fp4-speech/.venv/lib/python3.12/site-packages/flashinfer/data/cccl/thrust -isystem /usr/include/python3.12 -isystem /home/arnur/fp4-speech/.venv/lib/python3.12/site-packages/nvidia/cu13/include -isystem /home/arnur/fp4-speech/.venv/lib/python3.12/site-packages/tvm_ffi/include -isystem /home/arnur/fp4-speech/.venv/lib/python3.12/site-packages/tvm_ffi/include -isystem /home/arnur/fp4-speech/.venv/lib/python3.12/site-packages/flashinfer/data/include -isystem /home/arnur/fp4-speech/.venv/lib/python3.12/site-packages/flashinfer/data/csrc -isystem /home/arnur/fp4-speech/.venv/lib/python3.12/site-packages/flashinfer/data/cutlass/include -isystem /home/arnur/fp4-speech/.venv/lib/python3.12/site-packages/flashinfer/data/cutlass/tools/util/include -isystem /home/arnur/fp4-speech/.venv/lib/python3.12/site-packages/flashinfer/data/spdlog/include --compiler-options=-fPIC --expt-relaxed-constexpr -static-global-template-stub=false -DFLASHINFER_ENABLE_FP8_E8M0 -DFLASHINFER_ENABLE_FP4_E2M1 -std=c++17 --threads=1 -use_fast_math -DFLASHINFER_ENABLE_F16 -DFLASHINFER_ENABLE_BF16 -DFLASHINFER_ENABLE_FP8_E4M3 -DFLASHINFER_ENABLE_FP8_E5M2 -DNDEBUG -O3 -gencode=arch=compute_120f,code=sm_120f -DFLASHINFER_ENABLE_FP8_E8M0 -DFLASHINFER_ENABLE_FP4_E2M1 -DENABLE_BF16 -DENABLE_FP4 -DCUTLASS_ENABLE_GDC_FOR_SM100=1 -c /home/arnur/.cache/flashinfer/0.6.11.post2/120f/generated/gen_gemm_sm120_cutlass_fp4/fp4_gemm_cutlass___nv_bfloat16_256_128_128.cu -o /home/arnur/.cache/flashinfer/0.6.11.post2/120f/cached_ops/fp4_gemm_cutlass_sm120/gen_gemm_sm120_cutlass_fp4_fp4_gemm_cutlass___nv_bfloat16_256_128_128.cuda.o 
In file included from /home/arnur/fp4-speech/.venv/lib/python3.12/site-packages/flashinfer/data/cccl/libcudacxx/include/cuda/std/__cccl/extended_data_types.h:26,
                 from /home/arnur/fp4-speech/.venv/lib/python3.12/site-packages/flashinfer/data/cccl/libcudacxx/include/cuda/std/__cccl/builtin.h:26,
                 from /home/arnur/fp4-speech/.venv/lib/python3.12/site-packages/flashinfer/data/cccl/libcudacxx/include/cuda/std/__cccl/dialect.h:25,
                 from /home/arnur/fp4-speech/.venv/lib/python3.12/site-packages/flashinfer/data/cccl/libcudacxx/include/cuda/std/__cccl/attributes.h:26,
                 from /home/arnur/fp4-speech/.venv/lib/python3.12/site-packages/flashinfer/data/cccl/libcudacxx/include/cuda/std/__cccl/assert.h:25,
                 from /home/arnur/fp4-speech/.venv/lib/python3.12/site-packages/flashinfer/data/cccl/libcudacxx/include/cuda/__cccl_config:15,
                 from /home/arnur/fp4-speech/.venv/lib/python3.12/site-packages/flashinfer/data/cccl/libcudacxx/include/cuda/std/__internal/atomic.h:13,
                 from /home/arnur/fp4-speech/.venv/lib/python3.12/site-packages/flashinfer/data/cccl/libcudacxx/include/cuda/std/detail/__config:14,
                 from /home/arnur/fp4-speech/.venv/lib/python3.12/site-packages/flashinfer/data/cccl/libcudacxx/include/cuda/std/utility:14,
                 from /home/arnur/fp4-speech/.venv/lib/python3.12/site-packages/flashinfer/data/cutlass/include/cutlass/fast_math.h:42,
                 from /home/arnur/fp4-speech/.venv/lib/python3.12/site-packages/flashinfer/data/cutlass/include/cute/numeric/math.hpp:36,
                 from /home/arnur/fp4-speech/.venv/lib/python3.12/site-packages/flashinfer/data/cutlass/include/cute/numeric/integral_constant.hpp:33,
                 from /home/arnur/fp4-speech/.venv/lib/python3.12/site-packages/flashinfer/data/cutlass/include/cute/numeric/integer_sequence.hpp:35,
                 from /home/arnur/fp4-speech/.venv/lib/python3.12/site-packages/flashinfer/data/cutlass/include/cute/arch/util.hpp:34,
                 from /home/arnur/fp4-speech/.venv/lib/python3.12/site-packages/flashinfer/data/cutlass/include/cute/arch/copy.hpp:35,
                 from /home/arnur/fp4-speech/.venv/lib/python3.12/site-packages/flashinfer/data/cutlass/include/cutlass/epilogue/collective/collective_builder.hpp:33,
                 from /home/arnur/fp4-speech/.venv/lib/python3.12/site-packages/flashinfer/data/include/flashinfer/gemm/fp4_gemm_cutlass_template_sm120.h:27,
                 from /home/arnur/.cache/flashinfer/0.6.11.post2/120f/generated/gen_gemm_sm120_cutlass_fp4/fp4_gemm_cutlass___nv_bfloat16_256_128_128.cu:18:
/home/arnur/fp4-speech/.venv/lib/python3.12/site-packages/flashinfer/data/cccl/libcudacxx/include/cuda/std/__cccl/cuda_toolkit.h:41:8: error: #error "CUDA compiler and CUDA toolkit headers are incompatible, please check your include paths"
   41 | #      error "CUDA compiler and CUDA toolkit headers are incompatible, please check your include paths"
      |        ^~~~~
[14/18]  /home/arnur/fp4-speech/.venv/lib/python3.12/site-packages/nvidia/cu13/bin/nvcc --generate-dependencies-with-compile -MF /home/arnur/.cache/flashinfer/0.6.11.post2/120f/cached_ops/fp4_gemm_cutlass_sm120/gen_gemm_sm120_cutlass_fp4_fp4_gemm_cutlass___nv_bfloat16_128_128_256.cuda.o.d -DPy_LIMITED_API=0x03090000 -D_GLIBCXX_USE_CXX11_ABI=1 -I/home/arnur/fp4-speech/.venv/lib/python3.12/site-packages/flashinfer/data/cccl/cub -I/home/arnur/fp4-speech/.venv/lib/python3.12/site-packages/flashinfer/data/cccl/libcudacxx/include -I/home/arnur/fp4-speech/.venv/lib/python3.12/site-packages/flashinfer/data/cccl/thrust -isystem /usr/include/python3.12 -isystem /home/arnur/fp4-speech/.venv/lib/python3.12/site-packages/nvidia/cu13/include -isystem /home/arnur/fp4-speech/.venv/lib/python3.12/site-packages/tvm_ffi/include -isystem /home/arnur/fp4-speech/.venv/lib/python3.12/site-packages/tvm_ffi/include -isystem /home/arnur/fp4-speech/.venv/lib/python3.12/site-packages/flashinfer/data/include -isystem /home/arnur/fp4-speech/.venv/lib/python3.12/site-packages/flashinfer/data/csrc -isystem /home/arnur/fp4-speech/.venv/lib/python3.12/site-packages/flashinfer/data/cutlass/include -isystem /home/arnur/fp4-speech/.venv/lib/python3.12/site-packages/flashinfer/data/cutlass/tools/util/include -isystem /home/arnur/fp4-speech/.venv/lib/python3.12/site-packages/flashinfer/data/spdlog/include --compiler-options=-fPIC --expt-relaxed-constexpr -static-global-template-stub=false -DFLASHINFER_ENABLE_FP8_E8M0 -DFLASHINFER_ENABLE_FP4_E2M1 -std=c++17 --threads=1 -use_fast_math -DFLASHINFER_ENABLE_F16 -DFLASHINFER_ENABLE_BF16 -DFLASHINFER_ENABLE_FP8_E4M3 -DFLASHINFER_ENABLE_FP8_E5M2 -DNDEBUG -O3 -gencode=arch=compute_120f,code=sm_120f -DFLASHINFER_ENABLE_FP8_E8M0 -DFLASHINFER_ENABLE_FP4_E2M1 -DENABLE_BF16 -DENABLE_FP4 -DCUTLASS_ENABLE_GDC_FOR_SM100=1 -c /home/arnur/.cache/flashinfer/0.6.11.post2/120f/generated/gen_gemm_sm120_cutlass_fp4/fp4_gemm_cutlass___nv_bfloat16_128_128_256.cu -o /home/arnur/.cache/flashinfer/0.6.11.post2/120f/cached_ops/fp4_gemm_cutlass_sm120/gen_gemm_sm120_cutlass_fp4_fp4_gemm_cutlass___nv_bfloat16_128_128_256.cuda.o 
FAILED: [code=1] /home/arnur/.cache/flashinfer/0.6.11.post2/120f/cached_ops/fp4_gemm_cutlass_sm120/gen_gemm_sm120_cutlass_fp4_fp4_gemm_cutlass___nv_bfloat16_128_128_256.cuda.o 
 /home/arnur/fp4-speech/.venv/lib/python3.12/site-packages/nvidia/cu13/bin/nvcc --generate-dependencies-with-compile -MF /home/arnur/.cache/flashinfer/0.6.11.post2/120f/cached_ops/fp4_gemm_cutlass_sm120/gen_gemm_sm120_cutlass_fp4_fp4_gemm_cutlass___nv_bfloat16_128_128_256.cuda.o.d -DPy_LIMITED_API=0x03090000 -D_GLIBCXX_USE_CXX11_ABI=1 -I/home/arnur/fp4-speech/.venv/lib/python3.12/site-packages/flashinfer/data/cccl/cub -I/home/arnur/fp4-speech/.venv/lib/python3.12/site-packages/flashinfer/data/cccl/libcudacxx/include -I/home/arnur/fp4-speech/.venv/lib/python3.12/site-packages/flashinfer/data/cccl/thrust -isystem /usr/include/python3.12 -isystem /home/arnur/fp4-speech/.venv/lib/python3.12/site-packages/nvidia/cu13/include -isystem /home/arnur/fp4-speech/.venv/lib/python3.12/site-packages/tvm_ffi/include -isystem /home/arnur/fp4-speech/.venv/lib/python3.12/site-packages/tvm_ffi/include -isystem /home/arnur/fp4-speech/.venv/lib/python3.12/site-packages/flashinfer/data/include -isystem /home/arnur/fp4-speech/.venv/lib/python3.12/site-packages/flashinfer/data/csrc -isystem /home/arnur/fp4-speech/.venv/lib/python3.12/site-packages/flashinfer/data/cutlass/include -isystem /home/arnur/fp4-speech/.venv/lib/python3.12/site-packages/flashinfer/data/cutlass/tools/util/include -isystem /home/arnur/fp4-speech/.venv/lib/python3.12/site-packages/flashinfer/data/spdlog/include --compiler-options=-fPIC --expt-relaxed-constexpr -static-global-template-stub=false -DFLASHINFER_ENABLE_FP8_E8M0 -DFLASHINFER_ENABLE_FP4_E2M1 -std=c++17 --threads=1 -use_fast_math -DFLASHINFER_ENABLE_F16 -DFLASHINFER_ENABLE_BF16 -DFLASHINFER_ENABLE_FP8_E4M3 -DFLASHINFER_ENABLE_FP8_E5M2 -DNDEBUG -O3 -gencode=arch=compute_120f,code=sm_120f -DFLASHINFER_ENABLE_FP8_E8M0 -DFLASHINFER_ENABLE_FP4_E2M1 -DENABLE_BF16 -DENABLE_FP4 -DCUTLASS_ENABLE_GDC_FOR_SM100=1 -c /home/arnur/.cache/flashinfer/0.6.11.post2/120f/generated/gen_gemm_sm120_cutlass_fp4/fp4_gemm_cutlass___nv_bfloat16_128_128_256.cu -o /home/arnur/.cache/flashinfer/0.6.11.post2/120f/cached_ops/fp4_gemm_cutlass_sm120/gen_gemm_sm120_cutlass_fp4_fp4_gemm_cutlass___nv_bfloat16_128_128_256.cuda.o 
In file included from /home/arnur/fp4-speech/.venv/lib/python3.12/site-packages/flashinfer/data/cccl/libcudacxx/include/cuda/std/__cccl/extended_data_types.h:26,
                 from /home/arnur/fp4-speech/.venv/lib/python3.12/site-packages/flashinfer/data/cccl/libcudacxx/include/cuda/std/__cccl/builtin.h:26,
                 from /home/arnur/fp4-speech/.venv/lib/python3.12/site-packages/flashinfer/data/cccl/libcudacxx/include/cuda/std/__cccl/dialect.h:25,
                 from /home/arnur/fp4-speech/.venv/lib/python3.12/site-packages/flashinfer/data/cccl/libcudacxx/include/cuda/std/__cccl/attributes.h:26,
                 from /home/arnur/fp4-speech/.venv/lib/python3.12/site-packages/flashinfer/data/cccl/libcudacxx/include/cuda/std/__cccl/assert.h:25,
                 from /home/arnur/fp4-speech/.venv/lib/python3.12/site-packages/flashinfer/data/cccl/libcudacxx/include/cuda/__cccl_config:15,
                 from /home/arnur/fp4-speech/.venv/lib/python3.12/site-packages/flashinfer/data/cccl/libcudacxx/include/cuda/std/__internal/atomic.h:13,
                 from /home/arnur/fp4-speech/.venv/lib/python3.12/site-packages/flashinfer/data/cccl/libcudacxx/include/cuda/std/detail/__config:14,
                 from /home/arnur/fp4-speech/.venv/lib/python3.12/site-packages/flashinfer/data/cccl/libcudacxx/include/cuda/std/utility:14,
                 from /home/arnur/fp4-speech/.venv/lib/python3.12/site-packages/flashinfer/data/cutlass/include/cutlass/fast_math.h:42,
                 from /home/arnur/fp4-speech/.venv/lib/python3.12/site-packages/flashinfer/data/cutlass/include/cute/numeric/math.hpp:36,
                 from /home/arnur/fp4-speech/.venv/lib/python3.12/site-packages/flashinfer/data/cutlass/include/cute/numeric/integral_constant.hpp:33,
                 from /home/arnur/fp4-speech/.venv/lib/python3.12/site-packages/flashinfer/data/cutlass/include/cute/numeric/integer_sequence.hpp:35,
                 from /home/arnur/fp4-speech/.venv/lib/python3.12/site-packages/flashinfer/data/cutlass/include/cute/arch/util.hpp:34,
                 from /home/arnur/fp4-speech/.venv/lib/python3.12/site-packages/flashinfer/data/cutlass/include/cute/arch/copy.hpp:35,
                 from /home/arnur/fp4-speech/.venv/lib/python3.12/site-packages/flashinfer/data/cutlass/include/cutlass/epilogue/collective/collective_builder.hpp:33,
                 from /home/arnur/fp4-speech/.venv/lib/python3.12/site-packages/flashinfer/data/include/flashinfer/gemm/fp4_gemm_cutlass_template_sm120.h:27,
                 from /home/arnur/.cache/flashinfer/0.6.11.post2/120f/generated/gen_gemm_sm120_cutlass_fp4/fp4_gemm_cutlass___nv_bfloat16_128_128_256.cu:18:
/home/arnur/fp4-speech/.venv/lib/python3.12/site-packages/flashinfer/data/cccl/libcudacxx/include/cuda/std/__cccl/cuda_toolkit.h:41:8: error: #error "CUDA compiler and CUDA toolkit headers are incompatible, please check your include paths"
   41 | #      error "CUDA compiler and CUDA toolkit headers are incompatible, please check your include paths"
      |        ^~~~~
[15/18]  /home/arnur/fp4-speech/.venv/lib/python3.12/site-packages/nvidia/cu13/bin/nvcc --generate-dependencies-with-compile -MF /home/arnur/.cache/flashinfer/0.6.11.post2/120f/cached_ops/fp4_gemm_cutlass_sm120/gen_gemm_sm120_cutlass_fp4_fp4_gemm_cutlass___nv_bfloat16_128_32_128.cuda.o.d -DPy_LIMITED_API=0x03090000 -D_GLIBCXX_USE_CXX11_ABI=1 -I/home/arnur/fp4-speech/.venv/lib/python3.12/site-packages/flashinfer/data/cccl/cub -I/home/arnur/fp4-speech/.venv/lib/python3.12/site-packages/flashinfer/data/cccl/libcudacxx/include -I/home/arnur/fp4-speech/.venv/lib/python3.12/site-packages/flashinfer/data/cccl/thrust -isystem /usr/include/python3.12 -isystem /home/arnur/fp4-speech/.venv/lib/python3.12/site-packages/nvidia/cu13/include -isystem /home/arnur/fp4-speech/.venv/lib/python3.12/site-packages/tvm_ffi/include -isystem /home/arnur/fp4-speech/.venv/lib/python3.12/site-packages/tvm_ffi/include -isystem /home/arnur/fp4-speech/.venv/lib/python3.12/site-packages/flashinfer/data/include -isystem /home/arnur/fp4-speech/.venv/lib/python3.12/site-packages/flashinfer/data/csrc -isystem /home/arnur/fp4-speech/.venv/lib/python3.12/site-packages/flashinfer/data/cutlass/include -isystem /home/arnur/fp4-speech/.venv/lib/python3.12/site-packages/flashinfer/data/cutlass/tools/util/include -isystem /home/arnur/fp4-speech/.venv/lib/python3.12/site-packages/flashinfer/data/spdlog/include --compiler-options=-fPIC --expt-relaxed-constexpr -static-global-template-stub=false -DFLASHINFER_ENABLE_FP8_E8M0 -DFLASHINFER_ENABLE_FP4_E2M1 -std=c++17 --threads=1 -use_fast_math -DFLASHINFER_ENABLE_F16 -DFLASHINFER_ENABLE_BF16 -DFLASHINFER_ENABLE_FP8_E4M3 -DFLASHINFER_ENABLE_FP8_E5M2 -DNDEBUG -O3 -gencode=arch=compute_120f,code=sm_120f -DFLASHINFER_ENABLE_FP8_E8M0 -DFLASHINFER_ENABLE_FP4_E2M1 -DENABLE_BF16 -DENABLE_FP4 -DCUTLASS_ENABLE_GDC_FOR_SM100=1 -c /home/arnur/.cache/flashinfer/0.6.11.post2/120f/generated/gen_gemm_sm120_cutlass_fp4/fp4_gemm_cutlass___nv_bfloat16_128_32_128.cu -o /home/arnur/.cache/flashinfer/0.6.11.post2/120f/cached_ops/fp4_gemm_cutlass_sm120/gen_gemm_sm120_cutlass_fp4_fp4_gemm_cutlass___nv_bfloat16_128_32_128.cuda.o 
FAILED: [code=1] /home/arnur/.cache/flashinfer/0.6.11.post2/120f/cached_ops/fp4_gemm_cutlass_sm120/gen_gemm_sm120_cutlass_fp4_fp4_gemm_cutlass___nv_bfloat16_128_32_128.cuda.o 
 /home/arnur/fp4-speech/.venv/lib/python3.12/site-packages/nvidia/cu13/bin/nvcc --generate-dependencies-with-compile -MF /home/arnur/.cache/flashinfer/0.6.11.post2/120f/cached_ops/fp4_gemm_cutlass_sm120/gen_gemm_sm120_cutlass_fp4_fp4_gemm_cutlass___nv_bfloat16_128_32_128.cuda.o.d -DPy_LIMITED_API=0x03090000 -D_GLIBCXX_USE_CXX11_ABI=1 -I/home/arnur/fp4-speech/.venv/lib/python3.12/site-packages/flashinfer/data/cccl/cub -I/home/arnur/fp4-speech/.venv/lib/python3.12/site-packages/flashinfer/data/cccl/libcudacxx/include -I/home/arnur/fp4-speech/.venv/lib/python3.12/site-packages/flashinfer/data/cccl/thrust -isystem /usr/include/python3.12 -isystem /home/arnur/fp4-speech/.venv/lib/python3.12/site-packages/nvidia/cu13/include -isystem /home/arnur/fp4-speech/.venv/lib/python3.12/site-packages/tvm_ffi/include -isystem /home/arnur/fp4-speech/.venv/lib/python3.12/site-packages/tvm_ffi/include -isystem /home/arnur/fp4-speech/.venv/lib/python3.12/site-packages/flashinfer/data/include -isystem /home/arnur/fp4-speech/.venv/lib/python3.12/site-packages/flashinfer/data/csrc -isystem /home/arnur/fp4-speech/.venv/lib/python3.12/site-packages/flashinfer/data/cutlass/include -isystem /home/arnur/fp4-speech/.venv/lib/python3.12/site-packages/flashinfer/data/cutlass/tools/util/include -isystem /home/arnur/fp4-speech/.venv/lib/python3.12/site-packages/flashinfer/data/spdlog/include --compiler-options=-fPIC --expt-relaxed-constexpr -static-global-template-stub=false -DFLASHINFER_ENABLE_FP8_E8M0 -DFLASHINFER_ENABLE_FP4_E2M1 -std=c++17 --threads=1 -use_fast_math -DFLASHINFER_ENABLE_F16 -DFLASHINFER_ENABLE_BF16 -DFLASHINFER_ENABLE_FP8_E4M3 -DFLASHINFER_ENABLE_FP8_E5M2 -DNDEBUG -O3 -gencode=arch=compute_120f,code=sm_120f -DFLASHINFER_ENABLE_FP8_E8M0 -DFLASHINFER_ENABLE_FP4_E2M1 -DENABLE_BF16 -DENABLE_FP4 -DCUTLASS_ENABLE_GDC_FOR_SM100=1 -c /home/arnur/.cache/flashinfer/0.6.11.post2/120f/generated/gen_gemm_sm120_cutlass_fp4/fp4_gemm_cutlass___nv_bfloat16_128_32_128.cu -o /home/arnur/.cache/flashinfer/0.6.11.post2/120f/cached_ops/fp4_gemm_cutlass_sm120/gen_gemm_sm120_cutlass_fp4_fp4_gemm_cutlass___nv_bfloat16_128_32_128.cuda.o 
In file included from /home/arnur/fp4-speech/.venv/lib/python3.12/site-packages/flashinfer/data/cccl/libcudacxx/include/cuda/std/__cccl/extended_data_types.h:26,
                 from /home/arnur/fp4-speech/.venv/lib/python3.12/site-packages/flashinfer/data/cccl/libcudacxx/include/cuda/std/__cccl/builtin.h:26,
                 from /home/arnur/fp4-speech/.venv/lib/python3.12/site-packages/flashinfer/data/cccl/libcudacxx/include/cuda/std/__cccl/dialect.h:25,
                 from /home/arnur/fp4-speech/.venv/lib/python3.12/site-packages/flashinfer/data/cccl/libcudacxx/include/cuda/std/__cccl/attributes.h:26,
                 from /home/arnur/fp4-speech/.venv/lib/python3.12/site-packages/flashinfer/data/cccl/libcudacxx/include/cuda/std/__cccl/assert.h:25,
                 from /home/arnur/fp4-speech/.venv/lib/python3.12/site-packages/flashinfer/data/cccl/libcudacxx/include/cuda/__cccl_config:15,
                 from /home/arnur/fp4-speech/.venv/lib/python3.12/site-packages/flashinfer/data/cccl/libcudacxx/include/cuda/std/__internal/atomic.h:13,
                 from /home/arnur/fp4-speech/.venv/lib/python3.12/site-packages/flashinfer/data/cccl/libcudacxx/include/cuda/std/detail/__config:14,
                 from /home/arnur/fp4-speech/.venv/lib/python3.12/site-packages/flashinfer/data/cccl/libcudacxx/include/cuda/std/utility:14,
                 from /home/arnur/fp4-speech/.venv/lib/python3.12/site-packages/flashinfer/data/cutlass/include/cutlass/fast_math.h:42,
                 from /home/arnur/fp4-speech/.venv/lib/python3.12/site-packages/flashinfer/data/cutlass/include/cute/numeric/math.hpp:36,
                 from /home/arnur/fp4-speech/.venv/lib/python3.12/site-packages/flashinfer/data/cutlass/include/cute/numeric/integral_constant.hpp:33,
                 from /home/arnur/fp4-speech/.venv/lib/python3.12/site-packages/flashinfer/data/cutlass/include/cute/numeric/integer_sequence.hpp:35,
                 from /home/arnur/fp4-speech/.venv/lib/python3.12/site-packages/flashinfer/data/cutlass/include/cute/arch/util.hpp:34,
                 from /home/arnur/fp4-speech/.venv/lib/python3.12/site-packages/flashinfer/data/cutlass/include/cute/arch/copy.hpp:35,
                 from /home/arnur/fp4-speech/.venv/lib/python3.12/site-packages/flashinfer/data/cutlass/include/cutlass/epilogue/collective/collective_builder.hpp:33,
                 from /home/arnur/fp4-speech/.venv/lib/python3.12/site-packages/flashinfer/data/include/flashinfer/gemm/fp4_gemm_cutlass_template_sm120.h:27,
                 from /home/arnur/.cache/flashinfer/0.6.11.post2/120f/generated/gen_gemm_sm120_cutlass_fp4/fp4_gemm_cutlass___nv_bfloat16_128_32_128.cu:18:
/home/arnur/fp4-speech/.venv/lib/python3.12/site-packages/flashinfer/data/cccl/libcudacxx/include/cuda/std/__cccl/cuda_toolkit.h:41:8: error: #error "CUDA compiler and CUDA toolkit headers are incompatible, please check your include paths"
   41 | #      error "CUDA compiler and CUDA toolkit headers are incompatible, please check your include paths"
      |        ^~~~~
[16/18]  /home/arnur/fp4-speech/.venv/lib/python3.12/site-packages/nvidia/cu13/bin/nvcc --generate-dependencies-with-compile -MF /home/arnur/.cache/flashinfer/0.6.11.post2/120f/cached_ops/fp4_gemm_cutlass_sm120/gen_gemm_sm120_cutlass_fp4_fp4_gemm_cutlass_half_128_64_256.cuda.o.d -DPy_LIMITED_API=0x03090000 -D_GLIBCXX_USE_CXX11_ABI=1 -I/home/arnur/fp4-speech/.venv/lib/python3.12/site-packages/flashinfer/data/cccl/cub -I/home/arnur/fp4-speech/.venv/lib/python3.12/site-packages/flashinfer/data/cccl/libcudacxx/include -I/home/arnur/fp4-speech/.venv/lib/python3.12/site-packages/flashinfer/data/cccl/thrust -isystem /usr/include/python3.12 -isystem /home/arnur/fp4-speech/.venv/lib/python3.12/site-packages/nvidia/cu13/include -isystem /home/arnur/fp4-speech/.venv/lib/python3.12/site-packages/tvm_ffi/include -isystem /home/arnur/fp4-speech/.venv/lib/python3.12/site-packages/tvm_ffi/include -isystem /home/arnur/fp4-speech/.venv/lib/python3.12/site-packages/flashinfer/data/include -isystem /home/arnur/fp4-speech/.venv/lib/python3.12/site-packages/flashinfer/data/csrc -isystem /home/arnur/fp4-speech/.venv/lib/python3.12/site-packages/flashinfer/data/cutlass/include -isystem /home/arnur/fp4-speech/.venv/lib/python3.12/site-packages/flashinfer/data/cutlass/tools/util/include -isystem /home/arnur/fp4-speech/.venv/lib/python3.12/site-packages/flashinfer/data/spdlog/include --compiler-options=-fPIC --expt-relaxed-constexpr -static-global-template-stub=false -DFLASHINFER_ENABLE_FP8_E8M0 -DFLASHINFER_ENABLE_FP4_E2M1 -std=c++17 --threads=1 -use_fast_math -DFLASHINFER_ENABLE_F16 -DFLASHINFER_ENABLE_BF16 -DFLASHINFER_ENABLE_FP8_E4M3 -DFLASHINFER_ENABLE_FP8_E5M2 -DNDEBUG -O3 -gencode=arch=compute_120f,code=sm_120f -DFLASHINFER_ENABLE_FP8_E8M0 -DFLASHINFER_ENABLE_FP4_E2M1 -DENABLE_BF16 -DENABLE_FP4 -DCUTLASS_ENABLE_GDC_FOR_SM100=1 -c /home/arnur/.cache/flashinfer/0.6.11.post2/120f/generated/gen_gemm_sm120_cutlass_fp4/fp4_gemm_cutlass_half_128_64_256.cu -o /home/arnur/.cache/flashinfer/0.6.11.post2/120f/cached_ops/fp4_gemm_cutlass_sm120/gen_gemm_sm120_cutlass_fp4_fp4_gemm_cutlass_half_128_64_256.cuda.o 
FAILED: [code=1] /home/arnur/.cache/flashinfer/0.6.11.post2/120f/cached_ops/fp4_gemm_cutlass_sm120/gen_gemm_sm120_cutlass_fp4_fp4_gemm_cutlass_half_128_64_256.cuda.o 
 /home/arnur/fp4-speech/.venv/lib/python3.12/site-packages/nvidia/cu13/bin/nvcc --generate-dependencies-with-compile -MF /home/arnur/.cache/flashinfer/0.6.11.post2/120f/cached_ops/fp4_gemm_cutlass_sm120/gen_gemm_sm120_cutlass_fp4_fp4_gemm_cutlass_half_128_64_256.cuda.o.d -DPy_LIMITED_API=0x03090000 -D_GLIBCXX_USE_CXX11_ABI=1 -I/home/arnur/fp4-speech/.venv/lib/python3.12/site-packages/flashinfer/data/cccl/cub -I/home/arnur/fp4-speech/.venv/lib/python3.12/site-packages/flashinfer/data/cccl/libcudacxx/include -I/home/arnur/fp4-speech/.venv/lib/python3.12/site-packages/flashinfer/data/cccl/thrust -isystem /usr/include/python3.12 -isystem /home/arnur/fp4-speech/.venv/lib/python3.12/site-packages/nvidia/cu13/include -isystem /home/arnur/fp4-speech/.venv/lib/python3.12/site-packages/tvm_ffi/include -isystem /home/arnur/fp4-speech/.venv/lib/python3.12/site-packages/tvm_ffi/include -isystem /home/arnur/fp4-speech/.venv/lib/python3.12/site-packages/flashinfer/data/include -isystem /home/arnur/fp4-speech/.venv/lib/python3.12/site-packages/flashinfer/data/csrc -isystem /home/arnur/fp4-speech/.venv/lib/python3.12/site-packages/flashinfer/data/cutlass/include -isystem /home/arnur/fp4-speech/.venv/lib/python3.12/site-packages/flashinfer/data/cutlass/tools/util/include -isystem /home/arnur/fp4-speech/.venv/lib/python3.12/site-packages/flashinfer/data/spdlog/include --compiler-options=-fPIC --expt-relaxed-constexpr -static-global-template-stub=false -DFLASHINFER_ENABLE_FP8_E8M0 -DFLASHINFER_ENABLE_FP4_E2M1 -std=c++17 --threads=1 -use_fast_math -DFLASHINFER_ENABLE_F16 -DFLASHINFER_ENABLE_BF16 -DFLASHINFER_ENABLE_FP8_E4M3 -DFLASHINFER_ENABLE_FP8_E5M2 -DNDEBUG -O3 -gencode=arch=compute_120f,code=sm_120f -DFLASHINFER_ENABLE_FP8_E8M0 -DFLASHINFER_ENABLE_FP4_E2M1 -DENABLE_BF16 -DENABLE_FP4 -DCUTLASS_ENABLE_GDC_FOR_SM100=1 -c /home/arnur/.cache/flashinfer/0.6.11.post2/120f/generated/gen_gemm_sm120_cutlass_fp4/fp4_gemm_cutlass_half_128_64_256.cu -o /home/arnur/.cache/flashinfer/0.6.11.post2/120f/cached_ops/fp4_gemm_cutlass_sm120/gen_gemm_sm120_cutlass_fp4_fp4_gemm_cutlass_half_128_64_256.cuda.o 
In file included from /home/arnur/fp4-speech/.venv/lib/python3.12/site-packages/flashinfer/data/cccl/libcudacxx/include/cuda/std/__cccl/extended_data_types.h:26,
                 from /home/arnur/fp4-speech/.venv/lib/python3.12/site-packages/flashinfer/data/cccl/libcudacxx/include/cuda/std/__cccl/builtin.h:26,
                 from /home/arnur/fp4-speech/.venv/lib/python3.12/site-packages/flashinfer/data/cccl/libcudacxx/include/cuda/std/__cccl/dialect.h:25,
                 from /home/arnur/fp4-speech/.venv/lib/python3.12/site-packages/flashinfer/data/cccl/libcudacxx/include/cuda/std/__cccl/attributes.h:26,
                 from /home/arnur/fp4-speech/.venv/lib/python3.12/site-packages/flashinfer/data/cccl/libcudacxx/include/cuda/std/__cccl/assert.h:25,
                 from /home/arnur/fp4-speech/.venv/lib/python3.12/site-packages/flashinfer/data/cccl/libcudacxx/include/cuda/__cccl_config:15,
                 from /home/arnur/fp4-speech/.venv/lib/python3.12/site-packages/flashinfer/data/cccl/libcudacxx/include/cuda/std/__internal/atomic.h:13,
                 from /home/arnur/fp4-speech/.venv/lib/python3.12/site-packages/flashinfer/data/cccl/libcudacxx/include/cuda/std/detail/__config:14,
                 from /home/arnur/fp4-speech/.venv/lib/python3.12/site-packages/flashinfer/data/cccl/libcudacxx/include/cuda/std/utility:14,
                 from /home/arnur/fp4-speech/.venv/lib/python3.12/site-packages/flashinfer/data/cutlass/include/cutlass/fast_math.h:42,
                 from /home/arnur/fp4-speech/.venv/lib/python3.12/site-packages/flashinfer/data/cutlass/include/cute/numeric/math.hpp:36,
                 from /home/arnur/fp4-speech/.venv/lib/python3.12/site-packages/flashinfer/data/cutlass/include/cute/numeric/integral_constant.hpp:33,
                 from /home/arnur/fp4-speech/.venv/lib/python3.12/site-packages/flashinfer/data/cutlass/include/cute/numeric/integer_sequence.hpp:35,
                 from /home/arnur/fp4-speech/.venv/lib/python3.12/site-packages/flashinfer/data/cutlass/include/cute/arch/util.hpp:34,
                 from /home/arnur/fp4-speech/.venv/lib/python3.12/site-packages/flashinfer/data/cutlass/include/cute/arch/copy.hpp:35,
                 from /home/arnur/fp4-speech/.venv/lib/python3.12/site-packages/flashinfer/data/cutlass/include/cutlass/epilogue/collective/collective_builder.hpp:33,
                 from /home/arnur/fp4-speech/.venv/lib/python3.12/site-packages/flashinfer/data/include/flashinfer/gemm/fp4_gemm_cutlass_template_sm120.h:27,
                 from /home/arnur/.cache/flashinfer/0.6.11.post2/120f/generated/gen_gemm_sm120_cutlass_fp4/fp4_gemm_cutlass_half_128_64_256.cu:18:
/home/arnur/fp4-speech/.venv/lib/python3.12/site-packages/flashinfer/data/cccl/libcudacxx/include/cuda/std/__cccl/cuda_toolkit.h:41:8: error: #error "CUDA compiler and CUDA toolkit headers are incompatible, please check your include paths"
   41 | #      error "CUDA compiler and CUDA toolkit headers are incompatible, please check your include paths"
      |        ^~~~~
[17/18]  /home/arnur/fp4-speech/.venv/lib/python3.12/site-packages/nvidia/cu13/bin/nvcc --generate-dependencies-with-compile -MF /home/arnur/.cache/flashinfer/0.6.11.post2/120f/cached_ops/fp4_gemm_cutlass_sm120/gen_gemm_sm120_cutlass_fp4_fp4_gemm_cutlass_half_128_64_128.cuda.o.d -DPy_LIMITED_API=0x03090000 -D_GLIBCXX_USE_CXX11_ABI=1 -I/home/arnur/fp4-speech/.venv/lib/python3.12/site-packages/flashinfer/data/cccl/cub -I/home/arnur/fp4-speech/.venv/lib/python3.12/site-packages/flashinfer/data/cccl/libcudacxx/include -I/home/arnur/fp4-speech/.venv/lib/python3.12/site-packages/flashinfer/data/cccl/thrust -isystem /usr/include/python3.12 -isystem /home/arnur/fp4-speech/.venv/lib/python3.12/site-packages/nvidia/cu13/include -isystem /home/arnur/fp4-speech/.venv/lib/python3.12/site-packages/tvm_ffi/include -isystem /home/arnur/fp4-speech/.venv/lib/python3.12/site-packages/tvm_ffi/include -isystem /home/arnur/fp4-speech/.venv/lib/python3.12/site-packages/flashinfer/data/include -isystem /home/arnur/fp4-speech/.venv/lib/python3.12/site-packages/flashinfer/data/csrc -isystem /home/arnur/fp4-speech/.venv/lib/python3.12/site-packages/flashinfer/data/cutlass/include -isystem /home/arnur/fp4-speech/.venv/lib/python3.12/site-packages/flashinfer/data/cutlass/tools/util/include -isystem /home/arnur/fp4-speech/.venv/lib/python3.12/site-packages/flashinfer/data/spdlog/include --compiler-options=-fPIC --expt-relaxed-constexpr -static-global-template-stub=false -DFLASHINFER_ENABLE_FP8_E8M0 -DFLASHINFER_ENABLE_FP4_E2M1 -std=c++17 --threads=1 -use_fast_math -DFLASHINFER_ENABLE_F16 -DFLASHINFER_ENABLE_BF16 -DFLASHINFER_ENABLE_FP8_E4M3 -DFLASHINFER_ENABLE_FP8_E5M2 -DNDEBUG -O3 -gencode=arch=compute_120f,code=sm_120f -DFLASHINFER_ENABLE_FP8_E8M0 -DFLASHINFER_ENABLE_FP4_E2M1 -DENABLE_BF16 -DENABLE_FP4 -DCUTLASS_ENABLE_GDC_FOR_SM100=1 -c /home/arnur/.cache/flashinfer/0.6.11.post2/120f/generated/gen_gemm_sm120_cutlass_fp4/fp4_gemm_cutlass_half_128_64_128.cu -o /home/arnur/.cache/flashinfer/0.6.11.post2/120f/cached_ops/fp4_gemm_cutlass_sm120/gen_gemm_sm120_cutlass_fp4_fp4_gemm_cutlass_half_128_64_128.cuda.o 
FAILED: [code=1] /home/arnur/.cache/flashinfer/0.6.11.post2/120f/cached_ops/fp4_gemm_cutlass_sm120/gen_gemm_sm120_cutlass_fp4_fp4_gemm_cutlass_half_128_64_128.cuda.o 
 /home/arnur/fp4-speech/.venv/lib/python3.12/site-packages/nvidia/cu13/bin/nvcc --generate-dependencies-with-compile -MF /home/arnur/.cache/flashinfer/0.6.11.post2/120f/cached_ops/fp4_gemm_cutlass_sm120/gen_gemm_sm120_cutlass_fp4_fp4_gemm_cutlass_half_128_64_128.cuda.o.d -DPy_LIMITED_API=0x03090000 -D_GLIBCXX_USE_CXX11_ABI=1 -I/home/arnur/fp4-speech/.venv/lib/python3.12/site-packages/flashinfer/data/cccl/cub -I/home/arnur/fp4-speech/.venv/lib/python3.12/site-packages/flashinfer/data/cccl/libcudacxx/include -I/home/arnur/fp4-speech/.venv/lib/python3.12/site-packages/flashinfer/data/cccl/thrust -isystem /usr/include/python3.12 -isystem /home/arnur/fp4-speech/.venv/lib/python3.12/site-packages/nvidia/cu13/include -isystem /home/arnur/fp4-speech/.venv/lib/python3.12/site-packages/tvm_ffi/include -isystem /home/arnur/fp4-speech/.venv/lib/python3.12/site-packages/tvm_ffi/include -isystem /home/arnur/fp4-speech/.venv/lib/python3.12/site-packages/flashinfer/data/include -isystem /home/arnur/fp4-speech/.venv/lib/python3.12/site-packages/flashinfer/data/csrc -isystem /home/arnur/fp4-speech/.venv/lib/python3.12/site-packages/flashinfer/data/cutlass/include -isystem /home/arnur/fp4-speech/.venv/lib/python3.12/site-packages/flashinfer/data/cutlass/tools/util/include -isystem /home/arnur/fp4-speech/.venv/lib/python3.12/site-packages/flashinfer/data/spdlog/include --compiler-options=-fPIC --expt-relaxed-constexpr -static-global-template-stub=false -DFLASHINFER_ENABLE_FP8_E8M0 -DFLASHINFER_ENABLE_FP4_E2M1 -std=c++17 --threads=1 -use_fast_math -DFLASHINFER_ENABLE_F16 -DFLASHINFER_ENABLE_BF16 -DFLASHINFER_ENABLE_FP8_E4M3 -DFLASHINFER_ENABLE_FP8_E5M2 -DNDEBUG -O3 -gencode=arch=compute_120f,code=sm_120f -DFLASHINFER_ENABLE_FP8_E8M0 -DFLASHINFER_ENABLE_FP4_E2M1 -DENABLE_BF16 -DENABLE_FP4 -DCUTLASS_ENABLE_GDC_FOR_SM100=1 -c /home/arnur/.cache/flashinfer/0.6.11.post2/120f/generated/gen_gemm_sm120_cutlass_fp4/fp4_gemm_cutlass_half_128_64_128.cu -o /home/arnur/.cache/flashinfer/0.6.11.post2/120f/cached_ops/fp4_gemm_cutlass_sm120/gen_gemm_sm120_cutlass_fp4_fp4_gemm_cutlass_half_128_64_128.cuda.o 
In file included from /home/arnur/fp4-speech/.venv/lib/python3.12/site-packages/flashinfer/data/cccl/libcudacxx/include/cuda/std/__cccl/extended_data_types.h:26,
                 from /home/arnur/fp4-speech/.venv/lib/python3.12/site-packages/flashinfer/data/cccl/libcudacxx/include/cuda/std/__cccl/builtin.h:26,
                 from /home/arnur/fp4-speech/.venv/lib/python3.12/site-packages/flashinfer/data/cccl/libcudacxx/include/cuda/std/__cccl/dialect.h:25,
                 from /home/arnur/fp4-speech/.venv/lib/python3.12/site-packages/flashinfer/data/cccl/libcudacxx/include/cuda/std/__cccl/attributes.h:26,
                 from /home/arnur/fp4-speech/.venv/lib/python3.12/site-packages/flashinfer/data/cccl/libcudacxx/include/cuda/std/__cccl/assert.h:25,
                 from /home/arnur/fp4-speech/.venv/lib/python3.12/site-packages/flashinfer/data/cccl/libcudacxx/include/cuda/__cccl_config:15,
                 from /home/arnur/fp4-speech/.venv/lib/python3.12/site-packages/flashinfer/data/cccl/libcudacxx/include/cuda/std/__internal/atomic.h:13,
                 from /home/arnur/fp4-speech/.venv/lib/python3.12/site-packages/flashinfer/data/cccl/libcudacxx/include/cuda/std/detail/__config:14,
                 from /home/arnur/fp4-speech/.venv/lib/python3.12/site-packages/flashinfer/data/cccl/libcudacxx/include/cuda/std/utility:14,
                 from /home/arnur/fp4-speech/.venv/lib/python3.12/site-packages/flashinfer/data/cutlass/include/cutlass/fast_math.h:42,
                 from /home/arnur/fp4-speech/.venv/lib/python3.12/site-packages/flashinfer/data/cutlass/include/cute/numeric/math.hpp:36,
                 from /home/arnur/fp4-speech/.venv/lib/python3.12/site-packages/flashinfer/data/cutlass/include/cute/numeric/integral_constant.hpp:33,
                 from /home/arnur/fp4-speech/.venv/lib/python3.12/site-packages/flashinfer/data/cutlass/include/cute/numeric/integer_sequence.hpp:35,
                 from /home/arnur/fp4-speech/.venv/lib/python3.12/site-packages/flashinfer/data/cutlass/include/cute/arch/util.hpp:34,
                 from /home/arnur/fp4-speech/.venv/lib/python3.12/site-packages/flashinfer/data/cutlass/include/cute/arch/copy.hpp:35,
                 from /home/arnur/fp4-speech/.venv/lib/python3.12/site-packages/flashinfer/data/cutlass/include/cutlass/epilogue/collective/collective_builder.hpp:33,
                 from /home/arnur/fp4-speech/.venv/lib/python3.12/site-packages/flashinfer/data/include/flashinfer/gemm/fp4_gemm_cutlass_template_sm120.h:27,
                 from /home/arnur/.cache/flashinfer/0.6.11.post2/120f/generated/gen_gemm_sm120_cutlass_fp4/fp4_gemm_cutlass_half_128_64_128.cu:18:
/home/arnur/fp4-speech/.venv/lib/python3.12/site-packages/flashinfer/data/cccl/libcudacxx/include/cuda/std/__cccl/cuda_toolkit.h:41:8: error: #error "CUDA compiler and CUDA toolkit headers are incompatible, please check your include paths"
   41 | #      error "CUDA compiler and CUDA toolkit headers are incompatible, please check your include paths"
      |        ^~~~~
ninja: build stopped: subcommand failed.

Process EngineCore:
Traceback (most recent call last):
  File "/home/arnur/fp4-speech/.venv/lib/python3.12/site-packages/flashinfer/jit/cpp_ext.py", line 368, in run_ninja
    subprocess.run(
  File "/usr/lib/python3.12/subprocess.py", line 571, in run
    raise CalledProcessError(retcode, process.args,
subprocess.CalledProcessError: Command '['ninja', '-v', '-C', '/home/arnur/.cache/flashinfer/0.6.11.post2/120f/cached_ops/fp4_gemm_cutlass_sm120', '-f', '/home/arnur/.cache/flashinfer/0.6.11.post2/120f/cached_ops/fp4_gemm_cutlass_sm120/build.ninja']' returned non-zero exit status 1.

The above exception was the direct cause of the following exception:

Traceback (most recent call last):
  File "/usr/lib/python3.12/multiprocessing/process.py", line 314, in _bootstrap
    self.run()
  File "/usr/lib/python3.12/multiprocessing/process.py", line 108, in run
    self._target(*self._args, **self._kwargs)
  File "/home/arnur/fp4-speech/.venv/lib/python3.12/site-packages/vllm/v1/engine/core.py", line 1169, in run_engine_core
    raise e
  File "/home/arnur/fp4-speech/.venv/lib/python3.12/site-packages/vllm/v1/engine/core.py", line 1139, in run_engine_core
    engine_core = EngineCoreProc(*args, engine_index=dp_rank, **kwargs)
                  ^^^^^^^^^^^^^^^^^^^^^^^^^^^^^^^^^^^^^^^^^^^^^^^^^^^^^
  File "/home/arnur/fp4-speech/.venv/lib/python3.12/site-packages/vllm/tracing/otel.py", line 178, in sync_wrapper
    return func(*args, **kwargs)
           ^^^^^^^^^^^^^^^^^^^^^
  File "/home/arnur/fp4-speech/.venv/lib/python3.12/site-packages/vllm/v1/engine/core.py", line 905, in __init__
    super().__init__(
  File "/home/arnur/fp4-speech/.venv/lib/python3.12/site-packages/vllm/v1/engine/core.py", line 131, in __init__
    kv_cache_config = self._initialize_kv_caches(vllm_config)
                      ^^^^^^^^^^^^^^^^^^^^^^^^^^^^^^^^^^^^^^^
  File "/home/arnur/fp4-speech/.venv/lib/python3.12/site-packages/vllm/tracing/otel.py", line 178, in sync_wrapper
    return func(*args, **kwargs)
           ^^^^^^^^^^^^^^^^^^^^^
  File "/home/arnur/fp4-speech/.venv/lib/python3.12/site-packages/vllm/v1/engine/core.py", line 253, in _initialize_kv_caches
    available_gpu_memory = self.model_executor.determine_available_memory()
                           ^^^^^^^^^^^^^^^^^^^^^^^^^^^^^^^^^^^^^^^^^^^^^^^^
  File "/home/arnur/fp4-speech/.venv/lib/python3.12/site-packages/vllm/v1/executor/abstract.py", line 147, in determine_available_memory
    return self.collective_rpc("determine_available_memory")
           ^^^^^^^^^^^^^^^^^^^^^^^^^^^^^^^^^^^^^^^^^^^^^^^^^
  File "/home/arnur/fp4-speech/.venv/lib/python3.12/site-packages/vllm/v1/executor/uniproc_executor.py", line 93, in collective_rpc
    result = run_method(self.driver_worker, method, args, kwargs)
             ^^^^^^^^^^^^^^^^^^^^^^^^^^^^^^^^^^^^^^^^^^^^^^^^^^^^
  File "/home/arnur/fp4-speech/.venv/lib/python3.12/site-packages/vllm/v1/serial_utils.py", line 510, in run_method
    return func(*args, **kwargs)
           ^^^^^^^^^^^^^^^^^^^^^
  File "/home/arnur/fp4-speech/.venv/lib/python3.12/site-packages/torch/utils/_contextlib.py", line 124, in decorate_context
    return func(*args, **kwargs)
           ^^^^^^^^^^^^^^^^^^^^^
  File "/home/arnur/fp4-speech/.venv/lib/python3.12/site-packages/vllm/v1/worker/gpu_worker.py", line 396, in determine_available_memory
    self.model_runner.profile_run()
  File "/home/arnur/fp4-speech/.venv/lib/python3.12/site-packages/vllm/v1/worker/gpu_model_runner.py", line 6164, in profile_run
    hidden_states, last_hidden_states = self._dummy_run(
                                        ^^^^^^^^^^^^^^^^
  File "/home/arnur/fp4-speech/.venv/lib/python3.12/site-packages/torch/utils/_contextlib.py", line 124, in decorate_context
    return func(*args, **kwargs)
           ^^^^^^^^^^^^^^^^^^^^^
  File "/home/arnur/fp4-speech/.venv/lib/python3.12/site-packages/vllm/v1/worker/gpu_model_runner.py", line 5824, in _dummy_run
    outputs = self.model(
              ^^^^^^^^^^^
  File "/home/arnur/fp4-speech/.venv/lib/python3.12/site-packages/torch/nn/modules/module.py", line 1779, in _wrapped_call_impl
    return self._call_impl(*args, **kwargs)
           ^^^^^^^^^^^^^^^^^^^^^^^^^^^^^^^^
  File "/home/arnur/fp4-speech/.venv/lib/python3.12/site-packages/torch/nn/modules/module.py", line 1790, in _call_impl
    return forward_call(*args, **kwargs)
           ^^^^^^^^^^^^^^^^^^^^^^^^^^^^^
  File "/home/arnur/fp4-speech/.venv/lib/python3.12/site-packages/vllm/model_executor/models/llama.py", line 572, in forward
    model_output = self.model(
                   ^^^^^^^^^^^
  File "/home/arnur/fp4-speech/.venv/lib/python3.12/site-packages/vllm/compilation/decorators.py", line 507, in __call__
    return self.forward(*args, **kwargs)
           ^^^^^^^^^^^^^^^^^^^^^^^^^^^^^
  File "/home/arnur/fp4-speech/.venv/lib/python3.12/site-packages/vllm/model_executor/models/llama.py", line 418, in forward
    hidden_states, residual = layer(
                              ^^^^^^
  File "/home/arnur/fp4-speech/.venv/lib/python3.12/site-packages/torch/nn/modules/module.py", line 1779, in _wrapped_call_impl
    return self._call_impl(*args, **kwargs)
           ^^^^^^^^^^^^^^^^^^^^^^^^^^^^^^^^
  File "/home/arnur/fp4-speech/.venv/lib/python3.12/site-packages/torch/nn/modules/module.py", line 1790, in _call_impl
    return forward_call(*args, **kwargs)
           ^^^^^^^^^^^^^^^^^^^^^^^^^^^^^
  File "/home/arnur/fp4-speech/.venv/lib/python3.12/site-packages/vllm/model_executor/models/llama.py", line 328, in forward
    hidden_states = self.self_attn(positions=positions, hidden_states=hidden_states)
                    ^^^^^^^^^^^^^^^^^^^^^^^^^^^^^^^^^^^^^^^^^^^^^^^^^^^^^^^^^^^^^^^^
  File "/home/arnur/fp4-speech/.venv/lib/python3.12/site-packages/torch/nn/modules/module.py", line 1779, in _wrapped_call_impl
    return self._call_impl(*args, **kwargs)
           ^^^^^^^^^^^^^^^^^^^^^^^^^^^^^^^^
  File "/home/arnur/fp4-speech/.venv/lib/python3.12/site-packages/torch/nn/modules/module.py", line 1790, in _call_impl
    return forward_call(*args, **kwargs)
           ^^^^^^^^^^^^^^^^^^^^^^^^^^^^^
  File "/home/arnur/fp4-speech/.venv/lib/python3.12/site-packages/vllm/model_executor/models/llama.py", line 228, in forward
    qkv, _ = self.qkv_proj(hidden_states)
             ^^^^^^^^^^^^^^^^^^^^^^^^^^^^
  File "/home/arnur/fp4-speech/.venv/lib/python3.12/site-packages/torch/nn/modules/module.py", line 1779, in _wrapped_call_impl
    return self._call_impl(*args, **kwargs)
           ^^^^^^^^^^^^^^^^^^^^^^^^^^^^^^^^
  File "/home/arnur/fp4-speech/.venv/lib/python3.12/site-packages/torch/nn/modules/module.py", line 1790, in _call_impl
    return forward_call(*args, **kwargs)
           ^^^^^^^^^^^^^^^^^^^^^^^^^^^^^
  File "/home/arnur/fp4-speech/.venv/lib/python3.12/site-packages/vllm/model_executor/layers/linear.py", line 585, in forward
    output_parallel = self.quant_method.apply(self, input_, bias)
                      ^^^^^^^^^^^^^^^^^^^^^^^^^^^^^^^^^^^^^^^^^^^
  File "/home/arnur/fp4-speech/.venv/lib/python3.12/site-packages/vllm/model_executor/layers/quantization/compressed_tensors/compressed_tensors.py", line 851, in apply
    return scheme.apply_weights(layer, x, bias=bias)
           ^^^^^^^^^^^^^^^^^^^^^^^^^^^^^^^^^^^^^^^^^
  File "/home/arnur/fp4-speech/.venv/lib/python3.12/site-packages/vllm/model_executor/layers/quantization/compressed_tensors/schemes/compressed_tensors_w4a4_nvfp4.py", line 132, in apply_weights
    return self.kernel.apply_weights(layer=layer, x=x, bias=bias)
           ^^^^^^^^^^^^^^^^^^^^^^^^^^^^^^^^^^^^^^^^^^^^^^^^^^^^^^
  File "/home/arnur/fp4-speech/.venv/lib/python3.12/site-packages/vllm/model_executor/kernels/linear/nvfp4/flashinfer.py", line 75, in apply_weights
    out = flashinfer_scaled_fp4_mm(
          ^^^^^^^^^^^^^^^^^^^^^^^^^
  File "/home/arnur/fp4-speech/.venv/lib/python3.12/site-packages/vllm/utils/flashinfer.py", line 747, in flashinfer_scaled_fp4_mm
    return flashinfer_mm_fp4(
           ^^^^^^^^^^^^^^^^^^
  File "/home/arnur/fp4-speech/.venv/lib/python3.12/site-packages/torch/_library/custom_ops.py", line 698, in __call__
    return self._opoverload(*args, **kwargs)
           ^^^^^^^^^^^^^^^^^^^^^^^^^^^^^^^^^
  File "/home/arnur/fp4-speech/.venv/lib/python3.12/site-packages/torch/_ops.py", line 865, in __call__
    return self._op(*args, **kwargs)
           ^^^^^^^^^^^^^^^^^^^^^^^^^
  File "/home/arnur/fp4-speech/.venv/lib/python3.12/site-packages/torch/_library/custom_ops.py", line 347, in backend_impl
    result = self._backend_fns[device_type](*args, **kwargs)
             ^^^^^^^^^^^^^^^^^^^^^^^^^^^^^^^^^^^^^^^^^^^^^^^
  File "/home/arnur/fp4-speech/.venv/lib/python3.12/site-packages/torch/_compile.py", line 54, in inner
    return disable_fn(*args, **kwargs)
           ^^^^^^^^^^^^^^^^^^^^^^^^^^^
  File "/home/arnur/fp4-speech/.venv/lib/python3.12/site-packages/torch/_dynamo/eval_frame.py", line 1263, in _fn
    return fn(*args, **kwargs)
           ^^^^^^^^^^^^^^^^^^^
  File "/home/arnur/fp4-speech/.venv/lib/python3.12/site-packages/torch/_library/custom_ops.py", line 382, in wrapped_fn
    return fn(*args, **kwargs)
           ^^^^^^^^^^^^^^^^^^^
  File "/home/arnur/fp4-speech/.venv/lib/python3.12/site-packages/vllm/utils/flashinfer.py", line 524, in flashinfer_mm_fp4
    return flashinfer_mm_fp4_(
           ^^^^^^^^^^^^^^^^^^^
  File "/home/arnur/fp4-speech/.venv/lib/python3.12/site-packages/flashinfer/utils.py", line 1260, in wrapper
    return func(*args, **kwargs)
           ^^^^^^^^^^^^^^^^^^^^^
  File "/home/arnur/fp4-speech/.venv/lib/python3.12/site-packages/flashinfer/api_logging.py", line 1546, in _auto_dump_wrapper
    return _inner(*args, **kwargs)
           ^^^^^^^^^^^^^^^^^^^^^^^
  File "/home/arnur/fp4-speech/.venv/lib/python3.12/site-packages/flashinfer/gemm/gemm_base.py", line 6044, in mm_fp4
    runners = [backend_to_runner_factory[cur_backend]() for cur_backend in backends]
               ^^^^^^^^^^^^^^^^^^^^^^^^^^^^^^^^^^^^^^^^
  File "/home/arnur/fp4-speech/.venv/lib/python3.12/site-packages/flashinfer/gemm/gemm_base.py", line 6034, in <lambda>
    "cutlass": lambda: get_cutlass_fp4_gemm_module(
                       ^^^^^^^^^^^^^^^^^^^^^^^^^^^^
  File "/home/arnur/fp4-speech/.venv/lib/python3.12/site-packages/flashinfer/gemm/gemm_base.py", line 1419, in get_cutlass_fp4_gemm_module
    return get_gemm_sm120_module_cutlass_fp4()
           ^^^^^^^^^^^^^^^^^^^^^^^^^^^^^^^^^^^
  File "/home/arnur/fp4-speech/.venv/lib/python3.12/site-packages/flashinfer/gemm/gemm_base.py", line 1403, in get_gemm_sm120_module_cutlass_fp4
    module = gen_gemm_sm120_module_cutlass_fp4().build_and_load()
             ^^^^^^^^^^^^^^^^^^^^^^^^^^^^^^^^^^^^^^^^^^^^^^^^^^^^
  File "/home/arnur/fp4-speech/.venv/lib/python3.12/site-packages/flashinfer/jit/core.py", line 316, in build_and_load
    self.build(verbose, need_lock=False)
  File "/home/arnur/fp4-speech/.venv/lib/python3.12/site-packages/flashinfer/jit/core.py", line 302, in build
    run_ninja(self.build_dir, self.ninja_path, verbose)
  File "/home/arnur/fp4-speech/.venv/lib/python3.12/site-packages/flashinfer/jit/cpp_ext.py", line 380, in run_ninja
    raise RuntimeError(msg) from e
RuntimeError: Ninja build failed. Ninja output:
ninja: Entering directory `/home/arnur/.cache/flashinfer/0.6.11.post2/120f/cached_ops/fp4_gemm_cutlass_sm120'
[1/18]  /home/arnur/fp4-speech/.venv/lib/python3.12/site-packages/nvidia/cu13/bin/nvcc --generate-dependencies-with-compile -MF /home/arnur/.cache/flashinfer/0.6.11.post2/120f/cached_ops/fp4_gemm_cutlass_sm120/gen_gemm_sm120_cutlass_fp4_fp4_gemm_cutlass___nv_bfloat16_128_256_128.cuda.o.d -DPy_LIMITED_API=0x03090000 -D_GLIBCXX_USE_CXX11_ABI=1 -I/home/arnur/fp4-speech/.venv/lib/python3.12/site-packages/flashinfer/data/cccl/cub -I/home/arnur/fp4-speech/.venv/lib/python3.12/site-packages/flashinfer/data/cccl/libcudacxx/include -I/home/arnur/fp4-speech/.venv/lib/python3.12/site-packages/flashinfer/data/cccl/thrust -isystem /usr/include/python3.12 -isystem /home/arnur/fp4-speech/.venv/lib/python3.12/site-packages/nvidia/cu13/include -isystem /home/arnur/fp4-speech/.venv/lib/python3.12/site-packages/tvm_ffi/include -isystem /home/arnur/fp4-speech/.venv/lib/python3.12/site-packages/tvm_ffi/include -isystem /home/arnur/fp4-speech/.venv/lib/python3.12/site-packages/flashinfer/data/include -isystem /home/arnur/fp4-speech/.venv/lib/python3.12/site-packages/flashinfer/data/csrc -isystem /home/arnur/fp4-speech/.venv/lib/python3.12/site-packages/flashinfer/data/cutlass/include -isystem /home/arnur/fp4-speech/.venv/lib/python3.12/site-packages/flashinfer/data/cutlass/tools/util/include -isystem /home/arnur/fp4-speech/.venv/lib/python3.12/site-packages/flashinfer/data/spdlog/include --compiler-options=-fPIC --expt-relaxed-constexpr -static-global-template-stub=false -DFLASHINFER_ENABLE_FP8_E8M0 -DFLASHINFER_ENABLE_FP4_E2M1 -std=c++17 --threads=1 -use_fast_math -DFLASHINFER_ENABLE_F16 -DFLASHINFER_ENABLE_BF16 -DFLASHINFER_ENABLE_FP8_E4M3 -DFLASHINFER_ENABLE_FP8_E5M2 -DNDEBUG -O3 -gencode=arch=compute_120f,code=sm_120f -DFLASHINFER_ENABLE_FP8_E8M0 -DFLASHINFER_ENABLE_FP4_E2M1 -DENABLE_BF16 -DENABLE_FP4 -DCUTLASS_ENABLE_GDC_FOR_SM100=1 -c /home/arnur/.cache/flashinfer/0.6.11.post2/120f/generated/gen_gemm_sm120_cutlass_fp4/fp4_gemm_cutlass___nv_bfloat16_128_256_128.cu -o /home/arnur/.cache/flashinfer/0.6.11.post2/120f/cached_ops/fp4_gemm_cutlass_sm120/gen_gemm_sm120_cutlass_fp4_fp4_gemm_cutlass___nv_bfloat16_128_256_128.cuda.o 
FAILED: [code=1] /home/arnur/.cache/flashinfer/0.6.11.post2/120f/cached_ops/fp4_gemm_cutlass_sm120/gen_gemm_sm120_cutlass_fp4_fp4_gemm_cutlass___nv_bfloat16_128_256_128.cuda.o 
 /home/arnur/fp4-speech/.venv/lib/python3.12/site-packages/nvidia/cu13/bin/nvcc --generate-dependencies-with-compile -MF /home/arnur/.cache/flashinfer/0.6.11.post2/120f/cached_ops/fp4_gemm_cutlass_sm120/gen_gemm_sm120_cutlass_fp4_fp4_gemm_cutlass___nv_bfloat16_128_256_128.cuda.o.d -DPy_LIMITED_API=0x03090000 -D_GLIBCXX_USE_CXX11_ABI=1 -I/home/arnur/fp4-speech/.venv/lib/python3.12/site-packages/flashinfer/data/cccl/cub -I/home/arnur/fp4-speech/.venv/lib/python3.12/site-packages/flashinfer/data/cccl/libcudacxx/include -I/home/arnur/fp4-speech/.venv/lib/python3.12/site-packages/flashinfer/data/cccl/thrust -isystem /usr/include/python3.12 -isystem /home/arnur/fp4-speech/.venv/lib/python3.12/site-packages/nvidia/cu13/include -isystem /home/arnur/fp4-speech/.venv/lib/python3.12/site-packages/tvm_ffi/include -isystem /home/arnur/fp4-speech/.venv/lib/python3.12/site-packages/tvm_ffi/include -isystem /home/arnur/fp4-speech/.venv/lib/python3.12/site-packages/flashinfer/data/include -isystem /home/arnur/fp4-speech/.venv/lib/python3.12/site-packages/flashinfer/data/csrc -isystem /home/arnur/fp4-speech/.venv/lib/python3.12/site-packages/flashinfer/data/cutlass/include -isystem /home/arnur/fp4-speech/.venv/lib/python3.12/site-packages/flashinfer/data/cutlass/tools/util/include -isystem /home/arnur/fp4-speech/.venv/lib/python3.12/site-packages/flashinfer/data/spdlog/include --compiler-options=-fPIC --expt-relaxed-constexpr -static-global-template-stub=false -DFLASHINFER_ENABLE_FP8_E8M0 -DFLASHINFER_ENABLE_FP4_E2M1 -std=c++17 --threads=1 -use_fast_math -DFLASHINFER_ENABLE_F16 -DFLASHINFER_ENABLE_BF16 -DFLASHINFER_ENABLE_FP8_E4M3 -DFLASHINFER_ENABLE_FP8_E5M2 -DNDEBUG -O3 -gencode=arch=compute_120f,code=sm_120f -DFLASHINFER_ENABLE_FP8_E8M0 -DFLASHINFER_ENABLE_FP4_E2M1 -DENABLE_BF16 -DENABLE_FP4 -DCUTLASS_ENABLE_GDC_FOR_SM100=1 -c /home/arnur/.cache/flashinfer/0.6.11.post2/120f/generated/gen_gemm_sm120_cutlass_fp4/fp4_gemm_cutlass___nv_bfloat16_128_256_128.cu -o /home/arnur/.cache/flashinfer/0.6.11.post2/120f/cached_ops/fp4_gemm_cutlass_sm120/gen_gemm_sm120_cutlass_fp4_fp4_gemm_cutlass___nv_bfloat16_128_256_128.cuda.o 
In file included from /home/arnur/fp4-speech/.venv/lib/python3.12/site-packages/flashinfer/data/cccl/libcudacxx/include/cuda/std/__cccl/extended_data_types.h:26,
                 from /home/arnur/fp4-speech/.venv/lib/python3.12/site-packages/flashinfer/data/cccl/libcudacxx/include/cuda/std/__cccl/builtin.h:26,
                 from /home/arnur/fp4-speech/.venv/lib/python3.12/site-packages/flashinfer/data/cccl/libcudacxx/include/cuda/std/__cccl/dialect.h:25,
                 from /home/arnur/fp4-speech/.venv/lib/python3.12/site-packages/flashinfer/data/cccl/libcudacxx/include/cuda/std/__cccl/attributes.h:26,
                 from /home/arnur/fp4-speech/.venv/lib/python3.12/site-packages/flashinfer/data/cccl/libcudacxx/include/cuda/std/__cccl/assert.h:25,
                 from /home/arnur/fp4-speech/.venv/lib/python3.12/site-packages/flashinfer/data/cccl/libcudacxx/include/cuda/__cccl_config:15,
                 from /home/arnur/fp4-speech/.venv/lib/python3.12/site-packages/flashinfer/data/cccl/libcudacxx/include/cuda/std/__internal/atomic.h:13,
                 from /home/arnur/fp4-speech/.venv/lib/python3.12/site-packages/flashinfer/data/cccl/libcudacxx/include/cuda/std/detail/__config:14,
                 from /home/arnur/fp4-speech/.venv/lib/python3.12/site-packages/flashinfer/data/cccl/libcudacxx/include/cuda/std/utility:14,
                 from /home/arnur/fp4-speech/.venv/lib/python3.12/site-packages/flashinfer/data/cutlass/include/cutlass/fast_math.h:42,
                 from /home/arnur/fp4-speech/.venv/lib/python3.12/site-packages/flashinfer/data/cutlass/include/cute/numeric/math.hpp:36,
                 from /home/arnur/fp4-speech/.venv/lib/python3.12/site-packages/flashinfer/data/cutlass/include/cute/numeric/integral_constant.hpp:33,
                 from /home/arnur/fp4-speech/.venv/lib/python3.12/site-packages/flashinfer/data/cutlass/include/cute/numeric/integer_sequence.hpp:35,
                 from /home/arnur/fp4-speech/.venv/lib/python3.12/site-packages/flashinfer/data/cutlass/include/cute/arch/util.hpp:34,
                 from /home/arnur/fp4-speech/.venv/lib/python3.12/site-packages/flashinfer/data/cutlass/include/cute/arch/copy.hpp:35,
                 from /home/arnur/fp4-speech/.venv/lib/python3.12/site-packages/flashinfer/data/cutlass/include/cutlass/epilogue/collective/collective_builder.hpp:33,
                 from /home/arnur/fp4-speech/.venv/lib/python3.12/site-packages/flashinfer/data/include/flashinfer/gemm/fp4_gemm_cutlass_template_sm120.h:27,
                 from /home/arnur/.cache/flashinfer/0.6.11.post2/120f/generated/gen_gemm_sm120_cutlass_fp4/fp4_gemm_cutlass___nv_bfloat16_128_256_128.cu:18:
/home/arnur/fp4-speech/.venv/lib/python3.12/site-packages/flashinfer/data/cccl/libcudacxx/include/cuda/std/__cccl/cuda_toolkit.h:41:8: error: #error "CUDA compiler and CUDA toolkit headers are incompatible, please check your include paths"
   41 | #      error "CUDA compiler and CUDA toolkit headers are incompatible, please check your include paths"
      |        ^~~~~
[2/18]  /home/arnur/fp4-speech/.venv/lib/python3.12/site-packages/nvidia/cu13/bin/nvcc --generate-dependencies-with-compile -MF /home/arnur/.cache/flashinfer/0.6.11.post2/120f/cached_ops/fp4_gemm_cutlass_sm120/gen_gemm_sm120_cutlass_fp4_fp4_gemm_cutlass_half_128_128_128.cuda.o.d -DPy_LIMITED_API=0x03090000 -D_GLIBCXX_USE_CXX11_ABI=1 -I/home/arnur/fp4-speech/.venv/lib/python3.12/site-packages/flashinfer/data/cccl/cub -I/home/arnur/fp4-speech/.venv/lib/python3.12/site-packages/flashinfer/data/cccl/libcudacxx/include -I/home/arnur/fp4-speech/.venv/lib/python3.12/site-packages/flashinfer/data/cccl/thrust -isystem /usr/include/python3.12 -isystem /home/arnur/fp4-speech/.venv/lib/python3.12/site-packages/nvidia/cu13/include -isystem /home/arnur/fp4-speech/.venv/lib/python3.12/site-packages/tvm_ffi/include -isystem /home/arnur/fp4-speech/.venv/lib/python3.12/site-packages/tvm_ffi/include -isystem /home/arnur/fp4-speech/.venv/lib/python3.12/site-packages/flashinfer/data/include -isystem /home/arnur/fp4-speech/.venv/lib/python3.12/site-packages/flashinfer/data/csrc -isystem /home/arnur/fp4-speech/.venv/lib/python3.12/site-packages/flashinfer/data/cutlass/include -isystem /home/arnur/fp4-speech/.venv/lib/python3.12/site-packages/flashinfer/data/cutlass/tools/util/include -isystem /home/arnur/fp4-speech/.venv/lib/python3.12/site-packages/flashinfer/data/spdlog/include --compiler-options=-fPIC --expt-relaxed-constexpr -static-global-template-stub=false -DFLASHINFER_ENABLE_FP8_E8M0 -DFLASHINFER_ENABLE_FP4_E2M1 -std=c++17 --threads=1 -use_fast_math -DFLASHINFER_ENABLE_F16 -DFLASHINFER_ENABLE_BF16 -DFLASHINFER_ENABLE_FP8_E4M3 -DFLASHINFER_ENABLE_FP8_E5M2 -DNDEBUG -O3 -gencode=arch=compute_120f,code=sm_120f -DFLASHINFER_ENABLE_FP8_E8M0 -DFLASHINFER_ENABLE_FP4_E2M1 -DENABLE_BF16 -DENABLE_FP4 -DCUTLASS_ENABLE_GDC_FOR_SM100=1 -c /home/arnur/.cache/flashinfer/0.6.11.post2/120f/generated/gen_gemm_sm120_cutlass_fp4/fp4_gemm_cutlass_half_128_128_128.cu -o /home/arnur/.cache/flashinfer/0.6.11.post2/120f/cached_ops/fp4_gemm_cutlass_sm120/gen_gemm_sm120_cutlass_fp4_fp4_gemm_cutlass_half_128_128_128.cuda.o 
FAILED: [code=1] /home/arnur/.cache/flashinfer/0.6.11.post2/120f/cached_ops/fp4_gemm_cutlass_sm120/gen_gemm_sm120_cutlass_fp4_fp4_gemm_cutlass_half_128_128_128.cuda.o 
 /home/arnur/fp4-speech/.venv/lib/python3.12/site-packages/nvidia/cu13/bin/nvcc --generate-dependencies-with-compile -MF /home/arnur/.cache/flashinfer/0.6.11.post2/120f/cached_ops/fp4_gemm_cutlass_sm120/gen_gemm_sm120_cutlass_fp4_fp4_gemm_cutlass_half_128_128_128.cuda.o.d -DPy_LIMITED_API=0x03090000 -D_GLIBCXX_USE_CXX11_ABI=1 -I/home/arnur/fp4-speech/.venv/lib/python3.12/site-packages/flashinfer/data/cccl/cub -I/home/arnur/fp4-speech/.venv/lib/python3.12/site-packages/flashinfer/data/cccl/libcudacxx/include -I/home/arnur/fp4-speech/.venv/lib/python3.12/site-packages/flashinfer/data/cccl/thrust -isystem /usr/include/python3.12 -isystem /home/arnur/fp4-speech/.venv/lib/python3.12/site-packages/nvidia/cu13/include -isystem /home/arnur/fp4-speech/.venv/lib/python3.12/site-packages/tvm_ffi/include -isystem /home/arnur/fp4-speech/.venv/lib/python3.12/site-packages/tvm_ffi/include -isystem /home/arnur/fp4-speech/.venv/lib/python3.12/site-packages/flashinfer/data/include -isystem /home/arnur/fp4-speech/.venv/lib/python3.12/site-packages/flashinfer/data/csrc -isystem /home/arnur/fp4-speech/.venv/lib/python3.12/site-packages/flashinfer/data/cutlass/include -isystem /home/arnur/fp4-speech/.venv/lib/python3.12/site-packages/flashinfer/data/cutlass/tools/util/include -isystem /home/arnur/fp4-speech/.venv/lib/python3.12/site-packages/flashinfer/data/spdlog/include --compiler-options=-fPIC --expt-relaxed-constexpr -static-global-template-stub=false -DFLASHINFER_ENABLE_FP8_E8M0 -DFLASHINFER_ENABLE_FP4_E2M1 -std=c++17 --threads=1 -use_fast_math -DFLASHINFER_ENABLE_F16 -DFLASHINFER_ENABLE_BF16 -DFLASHINFER_ENABLE_FP8_E4M3 -DFLASHINFER_ENABLE_FP8_E5M2 -DNDEBUG -O3 -gencode=arch=compute_120f,code=sm_120f -DFLASHINFER_ENABLE_FP8_E8M0 -DFLASHINFER_ENABLE_FP4_E2M1 -DENABLE_BF16 -DENABLE_FP4 -DCUTLASS_ENABLE_GDC_FOR_SM100=1 -c /home/arnur/.cache/flashinfer/0.6.11.post2/120f/generated/gen_gemm_sm120_cutlass_fp4/fp4_gemm_cutlass_half_128_128_128.cu -o /home/arnur/.cache/flashinfer/0.6.11.post2/120f/cached_ops/fp4_gemm_cutlass_sm120/gen_gemm_sm120_cutlass_fp4_fp4_gemm_cutlass_half_128_128_128.cuda.o 
In file included from /home/arnur/fp4-speech/.venv/lib/python3.12/site-packages/flashinfer/data/cccl/libcudacxx/include/cuda/std/__cccl/extended_data_types.h:26,
                 from /home/arnur/fp4-speech/.venv/lib/python3.12/site-packages/flashinfer/data/cccl/libcudacxx/include/cuda/std/__cccl/builtin.h:26,
                 from /home/arnur/fp4-speech/.venv/lib/python3.12/site-packages/flashinfer/data/cccl/libcudacxx/include/cuda/std/__cccl/dialect.h:25,
                 from /home/arnur/fp4-speech/.venv/lib/python3.12/site-packages/flashinfer/data/cccl/libcudacxx/include/cuda/std/__cccl/attributes.h:26,
                 from /home/arnur/fp4-speech/.venv/lib/python3.12/site-packages/flashinfer/data/cccl/libcudacxx/include/cuda/std/__cccl/assert.h:25,
                 from /home/arnur/fp4-speech/.venv/lib/python3.12/site-packages/flashinfer/data/cccl/libcudacxx/include/cuda/__cccl_config:15,
                 from /home/arnur/fp4-speech/.venv/lib/python3.12/site-packages/flashinfer/data/cccl/libcudacxx/include/cuda/std/__internal/atomic.h:13,
                 from /home/arnur/fp4-speech/.venv/lib/python3.12/site-packages/flashinfer/data/cccl/libcudacxx/include/cuda/std/detail/__config:14,
                 from /home/arnur/fp4-speech/.venv/lib/python3.12/site-packages/flashinfer/data/cccl/libcudacxx/include/cuda/std/utility:14,
                 from /home/arnur/fp4-speech/.venv/lib/python3.12/site-packages/flashinfer/data/cutlass/include/cutlass/fast_math.h:42,
                 from /home/arnur/fp4-speech/.venv/lib/python3.12/site-packages/flashinfer/data/cutlass/include/cute/numeric/math.hpp:36,
                 from /home/arnur/fp4-speech/.venv/lib/python3.12/site-packages/flashinfer/data/cutlass/include/cute/numeric/integral_constant.hpp:33,
                 from /home/arnur/fp4-speech/.venv/lib/python3.12/site-packages/flashinfer/data/cutlass/include/cute/numeric/integer_sequence.hpp:35,
                 from /home/arnur/fp4-speech/.venv/lib/python3.12/site-packages/flashinfer/data/cutlass/include/cute/arch/util.hpp:34,
                 from /home/arnur/fp4-speech/.venv/lib/python3.12/site-packages/flashinfer/data/cutlass/include/cute/arch/copy.hpp:35,
                 from /home/arnur/fp4-speech/.venv/lib/python3.12/site-packages/flashinfer/data/cutlass/include/cutlass/epilogue/collective/collective_builder.hpp:33,
                 from /home/arnur/fp4-speech/.venv/lib/python3.12/site-packages/flashinfer/data/include/flashinfer/gemm/fp4_gemm_cutlass_template_sm120.h:27,
                 from /home/arnur/.cache/flashinfer/0.6.11.post2/120f/generated/gen_gemm_sm120_cutlass_fp4/fp4_gemm_cutlass_half_128_128_128.cu:18:
/home/arnur/fp4-speech/.venv/lib/python3.12/site-packages/flashinfer/data/cccl/libcudacxx/include/cuda/std/__cccl/cuda_toolkit.h:41:8: error: #error "CUDA compiler and CUDA toolkit headers are incompatible, please check your include paths"
   41 | #      error "CUDA compiler and CUDA toolkit headers are incompatible, please check your include paths"
      |        ^~~~~
[3/18]  /home/arnur/fp4-speech/.venv/lib/python3.12/site-packages/nvidia/cu13/bin/nvcc --generate-dependencies-with-compile -MF /home/arnur/.cache/flashinfer/0.6.11.post2/120f/cached_ops/fp4_gemm_cutlass_sm120/gen_gemm_sm120_cutlass_fp4_fp4_gemm_cutlass_half_128_128_256.cuda.o.d -DPy_LIMITED_API=0x03090000 -D_GLIBCXX_USE_CXX11_ABI=1 -I/home/arnur/fp4-speech/.venv/lib/python3.12/site-packages/flashinfer/data/cccl/cub -I/home/arnur/fp4-speech/.venv/lib/python3.12/site-packages/flashinfer/data/cccl/libcudacxx/include -I/home/arnur/fp4-speech/.venv/lib/python3.12/site-packages/flashinfer/data/cccl/thrust -isystem /usr/include/python3.12 -isystem /home/arnur/fp4-speech/.venv/lib/python3.12/site-packages/nvidia/cu13/include -isystem /home/arnur/fp4-speech/.venv/lib/python3.12/site-packages/tvm_ffi/include -isystem /home/arnur/fp4-speech/.venv/lib/python3.12/site-packages/tvm_ffi/include -isystem /home/arnur/fp4-speech/.venv/lib/python3.12/site-packages/flashinfer/data/include -isystem /home/arnur/fp4-speech/.venv/lib/python3.12/site-packages/flashinfer/data/csrc -isystem /home/arnur/fp4-speech/.venv/lib/python3.12/site-packages/flashinfer/data/cutlass/include -isystem /home/arnur/fp4-speech/.venv/lib/python3.12/site-packages/flashinfer/data/cutlass/tools/util/include -isystem /home/arnur/fp4-speech/.venv/lib/python3.12/site-packages/flashinfer/data/spdlog/include --compiler-options=-fPIC --expt-relaxed-constexpr -static-global-template-stub=false -DFLASHINFER_ENABLE_FP8_E8M0 -DFLASHINFER_ENABLE_FP4_E2M1 -std=c++17 --threads=1 -use_fast_math -DFLASHINFER_ENABLE_F16 -DFLASHINFER_ENABLE_BF16 -DFLASHINFER_ENABLE_FP8_E4M3 -DFLASHINFER_ENABLE_FP8_E5M2 -DNDEBUG -O3 -gencode=arch=compute_120f,code=sm_120f -DFLASHINFER_ENABLE_FP8_E8M0 -DFLASHINFER_ENABLE_FP4_E2M1 -DENABLE_BF16 -DENABLE_FP4 -DCUTLASS_ENABLE_GDC_FOR_SM100=1 -c /home/arnur/.cache/flashinfer/0.6.11.post2/120f/generated/gen_gemm_sm120_cutlass_fp4/fp4_gemm_cutlass_half_128_128_256.cu -o /home/arnur/.cache/flashinfer/0.6.11.post2/120f/cached_ops/fp4_gemm_cutlass_sm120/gen_gemm_sm120_cutlass_fp4_fp4_gemm_cutlass_half_128_128_256.cuda.o 
FAILED: [code=1] /home/arnur/.cache/flashinfer/0.6.11.post2/120f/cached_ops/fp4_gemm_cutlass_sm120/gen_gemm_sm120_cutlass_fp4_fp4_gemm_cutlass_half_128_128_256.cuda.o 
 /home/arnur/fp4-speech/.venv/lib/python3.12/site-packages/nvidia/cu13/bin/nvcc --generate-dependencies-with-compile -MF /home/arnur/.cache/flashinfer/0.6.11.post2/120f/cached_ops/fp4_gemm_cutlass_sm120/gen_gemm_sm120_cutlass_fp4_fp4_gemm_cutlass_half_128_128_256.cuda.o.d -DPy_LIMITED_API=0x03090000 -D_GLIBCXX_USE_CXX11_ABI=1 -I/home/arnur/fp4-speech/.venv/lib/python3.12/site-packages/flashinfer/data/cccl/cub -I/home/arnur/fp4-speech/.venv/lib/python3.12/site-packages/flashinfer/data/cccl/libcudacxx/include -I/home/arnur/fp4-speech/.venv/lib/python3.12/site-packages/flashinfer/data/cccl/thrust -isystem /usr/include/python3.12 -isystem /home/arnur/fp4-speech/.venv/lib/python3.12/site-packages/nvidia/cu13/include -isystem /home/arnur/fp4-speech/.venv/lib/python3.12/site-packages/tvm_ffi/include -isystem /home/arnur/fp4-speech/.venv/lib/python3.12/site-packages/tvm_ffi/include -isystem /home/arnur/fp4-speech/.venv/lib/python3.12/site-packages/flashinfer/data/include -isystem /home/arnur/fp4-speech/.venv/lib/python3.12/site-packages/flashinfer/data/csrc -isystem /home/arnur/fp4-speech/.venv/lib/python3.12/site-packages/flashinfer/data/cutlass/include -isystem /home/arnur/fp4-speech/.venv/lib/python3.12/site-packages/flashinfer/data/cutlass/tools/util/include -isystem /home/arnur/fp4-speech/.venv/lib/python3.12/site-packages/flashinfer/data/spdlog/include --compiler-options=-fPIC --expt-relaxed-constexpr -static-global-template-stub=false -DFLASHINFER_ENABLE_FP8_E8M0 -DFLASHINFER_ENABLE_FP4_E2M1 -std=c++17 --threads=1 -use_fast_math -DFLASHINFER_ENABLE_F16 -DFLASHINFER_ENABLE_BF16 -DFLASHINFER_ENABLE_FP8_E4M3 -DFLASHINFER_ENABLE_FP8_E5M2 -DNDEBUG -O3 -gencode=arch=compute_120f,code=sm_120f -DFLASHINFER_ENABLE_FP8_E8M0 -DFLASHINFER_ENABLE_FP4_E2M1 -DENABLE_BF16 -DENABLE_FP4 -DCUTLASS_ENABLE_GDC_FOR_SM100=1 -c /home/arnur/.cache/flashinfer/0.6.11.post2/120f/generated/gen_gemm_sm120_cutlass_fp4/fp4_gemm_cutlass_half_128_128_256.cu -o /home/arnur/.cache/flashinfer/0.6.11.post2/120f/cached_ops/fp4_gemm_cutlass_sm120/gen_gemm_sm120_cutlass_fp4_fp4_gemm_cutlass_half_128_128_256.cuda.o 
In file included from /home/arnur/fp4-speech/.venv/lib/python3.12/site-packages/flashinfer/data/cccl/libcudacxx/include/cuda/std/__cccl/extended_data_types.h:26,
                 from /home/arnur/fp4-speech/.venv/lib/python3.12/site-packages/flashinfer/data/cccl/libcudacxx/include/cuda/std/__cccl/builtin.h:26,
                 from /home/arnur/fp4-speech/.venv/lib/python3.12/site-packages/flashinfer/data/cccl/libcudacxx/include/cuda/std/__cccl/dialect.h:25,
                 from /home/arnur/fp4-speech/.venv/lib/python3.12/site-packages/flashinfer/data/cccl/libcudacxx/include/cuda/std/__cccl/attributes.h:26,
                 from /home/arnur/fp4-speech/.venv/lib/python3.12/site-packages/flashinfer/data/cccl/libcudacxx/include/cuda/std/__cccl/assert.h:25,
                 from /home/arnur/fp4-speech/.venv/lib/python3.12/site-packages/flashinfer/data/cccl/libcudacxx/include/cuda/__cccl_config:15,
                 from /home/arnur/fp4-speech/.venv/lib/python3.12/site-packages/flashinfer/data/cccl/libcudacxx/include/cuda/std/__internal/atomic.h:13,
                 from /home/arnur/fp4-speech/.venv/lib/python3.12/site-packages/flashinfer/data/cccl/libcudacxx/include/cuda/std/detail/__config:14,
                 from /home/arnur/fp4-speech/.venv/lib/python3.12/site-packages/flashinfer/data/cccl/libcudacxx/include/cuda/std/utility:14,
                 from /home/arnur/fp4-speech/.venv/lib/python3.12/site-packages/flashinfer/data/cutlass/include/cutlass/fast_math.h:42,
                 from /home/arnur/fp4-speech/.venv/lib/python3.12/site-packages/flashinfer/data/cutlass/include/cute/numeric/math.hpp:36,
                 from /home/arnur/fp4-speech/.venv/lib/python3.12/site-packages/flashinfer/data/cutlass/include/cute/numeric/integral_constant.hpp:33,
                 from /home/arnur/fp4-speech/.venv/lib/python3.12/site-packages/flashinfer/data/cutlass/include/cute/numeric/integer_sequence.hpp:35,
                 from /home/arnur/fp4-speech/.venv/lib/python3.12/site-packages/flashinfer/data/cutlass/include/cute/arch/util.hpp:34,
                 from /home/arnur/fp4-speech/.venv/lib/python3.12/site-packages/flashinfer/data/cutlass/include/cute/arch/copy.hpp:35,
                 from /home/arnur/fp4-speech/.venv/lib/python3.12/site-packages/flashinfer/data/cutlass/include/cutlass/epilogue/collective/collective_builder.hpp:33,
                 from /home/arnur/fp4-speech/.venv/lib/python3.12/site-packages/flashinfer/data/include/flashinfer/gemm/fp4_gemm_cutlass_template_sm120.h:27,
                 from /home/arnur/.cache/flashinfer/0.6.11.post2/120f/generated/gen_gemm_sm120_cutlass_fp4/fp4_gemm_cutlass_half_128_128_256.cu:18:
/home/arnur/fp4-speech/.venv/lib/python3.12/site-packages/flashinfer/data/cccl/libcudacxx/include/cuda/std/__cccl/cuda_toolkit.h:41:8: error: #error "CUDA compiler and CUDA toolkit headers are incompatible, please check your include paths"
   41 | #      error "CUDA compiler and CUDA toolkit headers are incompatible, please check your include paths"
      |        ^~~~~
[4/18]  /home/arnur/fp4-speech/.venv/lib/python3.12/site-packages/nvidia/cu13/bin/nvcc --generate-dependencies-with-compile -MF /home/arnur/.cache/flashinfer/0.6.11.post2/120f/cached_ops/fp4_gemm_cutlass_sm120/csrc_fp4_gemm_cutlass_sm120.cuda.o.d -DPy_LIMITED_API=0x03090000 -D_GLIBCXX_USE_CXX11_ABI=1 -I/home/arnur/fp4-speech/.venv/lib/python3.12/site-packages/flashinfer/data/cccl/cub -I/home/arnur/fp4-speech/.venv/lib/python3.12/site-packages/flashinfer/data/cccl/libcudacxx/include -I/home/arnur/fp4-speech/.venv/lib/python3.12/site-packages/flashinfer/data/cccl/thrust -isystem /usr/include/python3.12 -isystem /home/arnur/fp4-speech/.venv/lib/python3.12/site-packages/nvidia/cu13/include -isystem /home/arnur/fp4-speech/.venv/lib/python3.12/site-packages/tvm_ffi/include -isystem /home/arnur/fp4-speech/.venv/lib/python3.12/site-packages/tvm_ffi/include -isystem /home/arnur/fp4-speech/.venv/lib/python3.12/site-packages/flashinfer/data/include -isystem /home/arnur/fp4-speech/.venv/lib/python3.12/site-packages/flashinfer/data/csrc -isystem /home/arnur/fp4-speech/.venv/lib/python3.12/site-packages/flashinfer/data/cutlass/include -isystem /home/arnur/fp4-speech/.venv/lib/python3.12/site-packages/flashinfer/data/cutlass/tools/util/include -isystem /home/arnur/fp4-speech/.venv/lib/python3.12/site-packages/flashinfer/data/spdlog/include --compiler-options=-fPIC --expt-relaxed-constexpr -static-global-template-stub=false -DFLASHINFER_ENABLE_FP8_E8M0 -DFLASHINFER_ENABLE_FP4_E2M1 -std=c++17 --threads=1 -use_fast_math -DFLASHINFER_ENABLE_F16 -DFLASHINFER_ENABLE_BF16 -DFLASHINFER_ENABLE_FP8_E4M3 -DFLASHINFER_ENABLE_FP8_E5M2 -DNDEBUG -O3 -gencode=arch=compute_120f,code=sm_120f -DFLASHINFER_ENABLE_FP8_E8M0 -DFLASHINFER_ENABLE_FP4_E2M1 -DENABLE_BF16 -DENABLE_FP4 -DCUTLASS_ENABLE_GDC_FOR_SM100=1 -c /home/arnur/fp4-speech/.venv/lib/python3.12/site-packages/flashinfer/data/csrc/fp4_gemm_cutlass_sm120.cu -o /home/arnur/.cache/flashinfer/0.6.11.post2/120f/cached_ops/fp4_gemm_cutlass_sm120/csrc_fp4_gemm_cutlass_sm120.cuda.o 
FAILED: [code=1] /home/arnur/.cache/flashinfer/0.6.11.post2/120f/cached_ops/fp4_gemm_cutlass_sm120/csrc_fp4_gemm_cutlass_sm120.cuda.o 
 /home/arnur/fp4-speech/.venv/lib/python3.12/site-packages/nvidia/cu13/bin/nvcc --generate-dependencies-with-compile -MF /home/arnur/.cache/flashinfer/0.6.11.post2/120f/cached_ops/fp4_gemm_cutlass_sm120/csrc_fp4_gemm_cutlass_sm120.cuda.o.d -DPy_LIMITED_API=0x03090000 -D_GLIBCXX_USE_CXX11_ABI=1 -I/home/arnur/fp4-speech/.venv/lib/python3.12/site-packages/flashinfer/data/cccl/cub -I/home/arnur/fp4-speech/.venv/lib/python3.12/site-packages/flashinfer/data/cccl/libcudacxx/include -I/home/arnur/fp4-speech/.venv/lib/python3.12/site-packages/flashinfer/data/cccl/thrust -isystem /usr/include/python3.12 -isystem /home/arnur/fp4-speech/.venv/lib/python3.12/site-packages/nvidia/cu13/include -isystem /home/arnur/fp4-speech/.venv/lib/python3.12/site-packages/tvm_ffi/include -isystem /home/arnur/fp4-speech/.venv/lib/python3.12/site-packages/tvm_ffi/include -isystem /home/arnur/fp4-speech/.venv/lib/python3.12/site-packages/flashinfer/data/include -isystem /home/arnur/fp4-speech/.venv/lib/python3.12/site-packages/flashinfer/data/csrc -isystem /home/arnur/fp4-speech/.venv/lib/python3.12/site-packages/flashinfer/data/cutlass/include -isystem /home/arnur/fp4-speech/.venv/lib/python3.12/site-packages/flashinfer/data/cutlass/tools/util/include -isystem /home/arnur/fp4-speech/.venv/lib/python3.12/site-packages/flashinfer/data/spdlog/include --compiler-options=-fPIC --expt-relaxed-constexpr -static-global-template-stub=false -DFLASHINFER_ENABLE_FP8_E8M0 -DFLASHINFER_ENABLE_FP4_E2M1 -std=c++17 --threads=1 -use_fast_math -DFLASHINFER_ENABLE_F16 -DFLASHINFER_ENABLE_BF16 -DFLASHINFER_ENABLE_FP8_E4M3 -DFLASHINFER_ENABLE_FP8_E5M2 -DNDEBUG -O3 -gencode=arch=compute_120f,code=sm_120f -DFLASHINFER_ENABLE_FP8_E8M0 -DFLASHINFER_ENABLE_FP4_E2M1 -DENABLE_BF16 -DENABLE_FP4 -DCUTLASS_ENABLE_GDC_FOR_SM100=1 -c /home/arnur/fp4-speech/.venv/lib/python3.12/site-packages/flashinfer/data/csrc/fp4_gemm_cutlass_sm120.cu -o /home/arnur/.cache/flashinfer/0.6.11.post2/120f/cached_ops/fp4_gemm_cutlass_sm120/csrc_fp4_gemm_cutlass_sm120.cuda.o 
In file included from /home/arnur/fp4-speech/.venv/lib/python3.12/site-packages/flashinfer/data/cccl/libcudacxx/include/cuda/std/__cccl/extended_data_types.h:26,
                 from /home/arnur/fp4-speech/.venv/lib/python3.12/site-packages/flashinfer/data/cccl/libcudacxx/include/cuda/std/__cccl/builtin.h:26,
                 from /home/arnur/fp4-speech/.venv/lib/python3.12/site-packages/flashinfer/data/cccl/libcudacxx/include/cuda/std/__cccl/dialect.h:25,
                 from /home/arnur/fp4-speech/.venv/lib/python3.12/site-packages/flashinfer/data/cccl/libcudacxx/include/cuda/std/__cccl/attributes.h:26,
                 from /home/arnur/fp4-speech/.venv/lib/python3.12/site-packages/flashinfer/data/cccl/libcudacxx/include/cuda/std/__cccl/assert.h:25,
                 from /home/arnur/fp4-speech/.venv/lib/python3.12/site-packages/flashinfer/data/cccl/libcudacxx/include/cuda/__cccl_config:15,
                 from /home/arnur/fp4-speech/.venv/lib/python3.12/site-packages/flashinfer/data/cccl/libcudacxx/include/cuda/std/__internal/atomic.h:13,
                 from /home/arnur/fp4-speech/.venv/lib/python3.12/site-packages/flashinfer/data/cccl/libcudacxx/include/cuda/std/detail/__config:14,
                 from /home/arnur/fp4-speech/.venv/lib/python3.12/site-packages/flashinfer/data/cccl/libcudacxx/include/cuda/std/utility:14,
                 from /home/arnur/fp4-speech/.venv/lib/python3.12/site-packages/flashinfer/data/cutlass/include/cutlass/fast_math.h:42,
                 from /home/arnur/fp4-speech/.venv/lib/python3.12/site-packages/flashinfer/data/cutlass/include/cute/numeric/math.hpp:36,
                 from /home/arnur/fp4-speech/.venv/lib/python3.12/site-packages/flashinfer/data/cutlass/include/cute/numeric/integral_constant.hpp:33,
                 from /home/arnur/fp4-speech/.venv/lib/python3.12/site-packages/flashinfer/data/cutlass/include/cute/container/array.hpp:35,
                 from /home/arnur/fp4-speech/.venv/lib/python3.12/site-packages/flashinfer/data/cutlass/include/cute/int_tuple.hpp:34,
                 from /home/arnur/fp4-speech/.venv/lib/python3.12/site-packages/flashinfer/data/cutlass/include/cute/layout.hpp:34,
                 from /home/arnur/fp4-speech/.venv/lib/python3.12/site-packages/flashinfer/data/cutlass/include/cute/tensor_impl.hpp:45,
                 from /home/arnur/fp4-speech/.venv/lib/python3.12/site-packages/flashinfer/data/cutlass/include/cute/tensor.hpp:33,
                 from /home/arnur/fp4-speech/.venv/lib/python3.12/site-packages/flashinfer/data/include/flashinfer/gemm/cutlass_gemm_configs.h:24,
                 from /home/arnur/fp4-speech/.venv/lib/python3.12/site-packages/flashinfer/data/csrc/fp4_gemm_cutlass_sm120.cu:24:
/home/arnur/fp4-speech/.venv/lib/python3.12/site-packages/flashinfer/data/cccl/libcudacxx/include/cuda/std/__cccl/cuda_toolkit.h:41:8: error: #error "CUDA compiler and CUDA toolkit headers are incompatible, please check your include paths"
   41 | #      error "CUDA compiler and CUDA toolkit headers are incompatible, please check your include paths"
      |        ^~~~~
[5/18]  /home/arnur/fp4-speech/.venv/lib/python3.12/site-packages/nvidia/cu13/bin/nvcc --generate-dependencies-with-compile -MF /home/arnur/.cache/flashinfer/0.6.11.post2/120f/cached_ops/fp4_gemm_cutlass_sm120/gen_gemm_sm120_cutlass_fp4_fp4_gemm_cutlass_half_256_128_128.cuda.o.d -DPy_LIMITED_API=0x03090000 -D_GLIBCXX_USE_CXX11_ABI=1 -I/home/arnur/fp4-speech/.venv/lib/python3.12/site-packages/flashinfer/data/cccl/cub -I/home/arnur/fp4-speech/.venv/lib/python3.12/site-packages/flashinfer/data/cccl/libcudacxx/include -I/home/arnur/fp4-speech/.venv/lib/python3.12/site-packages/flashinfer/data/cccl/thrust -isystem /usr/include/python3.12 -isystem /home/arnur/fp4-speech/.venv/lib/python3.12/site-packages/nvidia/cu13/include -isystem /home/arnur/fp4-speech/.venv/lib/python3.12/site-packages/tvm_ffi/include -isystem /home/arnur/fp4-speech/.venv/lib/python3.12/site-packages/tvm_ffi/include -isystem /home/arnur/fp4-speech/.venv/lib/python3.12/site-packages/flashinfer/data/include -isystem /home/arnur/fp4-speech/.venv/lib/python3.12/site-packages/flashinfer/data/csrc -isystem /home/arnur/fp4-speech/.venv/lib/python3.12/site-packages/flashinfer/data/cutlass/include -isystem /home/arnur/fp4-speech/.venv/lib/python3.12/site-packages/flashinfer/data/cutlass/tools/util/include -isystem /home/arnur/fp4-speech/.venv/lib/python3.12/site-packages/flashinfer/data/spdlog/include --compiler-options=-fPIC --expt-relaxed-constexpr -static-global-template-stub=false -DFLASHINFER_ENABLE_FP8_E8M0 -DFLASHINFER_ENABLE_FP4_E2M1 -std=c++17 --threads=1 -use_fast_math -DFLASHINFER_ENABLE_F16 -DFLASHINFER_ENABLE_BF16 -DFLASHINFER_ENABLE_FP8_E4M3 -DFLASHINFER_ENABLE_FP8_E5M2 -DNDEBUG -O3 -gencode=arch=compute_120f,code=sm_120f -DFLASHINFER_ENABLE_FP8_E8M0 -DFLASHINFER_ENABLE_FP4_E2M1 -DENABLE_BF16 -DENABLE_FP4 -DCUTLASS_ENABLE_GDC_FOR_SM100=1 -c /home/arnur/.cache/flashinfer/0.6.11.post2/120f/generated/gen_gemm_sm120_cutlass_fp4/fp4_gemm_cutlass_half_256_128_128.cu -o /home/arnur/.cache/flashinfer/0.6.11.post2/120f/cached_ops/fp4_gemm_cutlass_sm120/gen_gemm_sm120_cutlass_fp4_fp4_gemm_cutlass_half_256_128_128.cuda.o 
FAILED: [code=1] /home/arnur/.cache/flashinfer/0.6.11.post2/120f/cached_ops/fp4_gemm_cutlass_sm120/gen_gemm_sm120_cutlass_fp4_fp4_gemm_cutlass_half_256_128_128.cuda.o 
 /home/arnur/fp4-speech/.venv/lib/python3.12/site-packages/nvidia/cu13/bin/nvcc --generate-dependencies-with-compile -MF /home/arnur/.cache/flashinfer/0.6.11.post2/120f/cached_ops/fp4_gemm_cutlass_sm120/gen_gemm_sm120_cutlass_fp4_fp4_gemm_cutlass_half_256_128_128.cuda.o.d -DPy_LIMITED_API=0x03090000 -D_GLIBCXX_USE_CXX11_ABI=1 -I/home/arnur/fp4-speech/.venv/lib/python3.12/site-packages/flashinfer/data/cccl/cub -I/home/arnur/fp4-speech/.venv/lib/python3.12/site-packages/flashinfer/data/cccl/libcudacxx/include -I/home/arnur/fp4-speech/.venv/lib/python3.12/site-packages/flashinfer/data/cccl/thrust -isystem /usr/include/python3.12 -isystem /home/arnur/fp4-speech/.venv/lib/python3.12/site-packages/nvidia/cu13/include -isystem /home/arnur/fp4-speech/.venv/lib/python3.12/site-packages/tvm_ffi/include -isystem /home/arnur/fp4-speech/.venv/lib/python3.12/site-packages/tvm_ffi/include -isystem /home/arnur/fp4-speech/.venv/lib/python3.12/site-packages/flashinfer/data/include -isystem /home/arnur/fp4-speech/.venv/lib/python3.12/site-packages/flashinfer/data/csrc -isystem /home/arnur/fp4-speech/.venv/lib/python3.12/site-packages/flashinfer/data/cutlass/include -isystem /home/arnur/fp4-speech/.venv/lib/python3.12/site-packages/flashinfer/data/cutlass/tools/util/include -isystem /home/arnur/fp4-speech/.venv/lib/python3.12/site-packages/flashinfer/data/spdlog/include --compiler-options=-fPIC --expt-relaxed-constexpr -static-global-template-stub=false -DFLASHINFER_ENABLE_FP8_E8M0 -DFLASHINFER_ENABLE_FP4_E2M1 -std=c++17 --threads=1 -use_fast_math -DFLASHINFER_ENABLE_F16 -DFLASHINFER_ENABLE_BF16 -DFLASHINFER_ENABLE_FP8_E4M3 -DFLASHINFER_ENABLE_FP8_E5M2 -DNDEBUG -O3 -gencode=arch=compute_120f,code=sm_120f -DFLASHINFER_ENABLE_FP8_E8M0 -DFLASHINFER_ENABLE_FP4_E2M1 -DENABLE_BF16 -DENABLE_FP4 -DCUTLASS_ENABLE_GDC_FOR_SM100=1 -c /home/arnur/.cache/flashinfer/0.6.11.post2/120f/generated/gen_gemm_sm120_cutlass_fp4/fp4_gemm_cutlass_half_256_128_128.cu -o /home/arnur/.cache/flashinfer/0.6.11.post2/120f/cached_ops/fp4_gemm_cutlass_sm120/gen_gemm_sm120_cutlass_fp4_fp4_gemm_cutlass_half_256_128_128.cuda.o 
In file included from /home/arnur/fp4-speech/.venv/lib/python3.12/site-packages/flashinfer/data/cccl/libcudacxx/include/cuda/std/__cccl/extended_data_types.h:26,
                 from /home/arnur/fp4-speech/.venv/lib/python3.12/site-packages/flashinfer/data/cccl/libcudacxx/include/cuda/std/__cccl/builtin.h:26,
                 from /home/arnur/fp4-speech/.venv/lib/python3.12/site-packages/flashinfer/data/cccl/libcudacxx/include/cuda/std/__cccl/dialect.h:25,
                 from /home/arnur/fp4-speech/.venv/lib/python3.12/site-packages/flashinfer/data/cccl/libcudacxx/include/cuda/std/__cccl/attributes.h:26,
                 from /home/arnur/fp4-speech/.venv/lib/python3.12/site-packages/flashinfer/data/cccl/libcudacxx/include/cuda/std/__cccl/assert.h:25,
                 from /home/arnur/fp4-speech/.venv/lib/python3.12/site-packages/flashinfer/data/cccl/libcudacxx/include/cuda/__cccl_config:15,
                 from /home/arnur/fp4-speech/.venv/lib/python3.12/site-packages/flashinfer/data/cccl/libcudacxx/include/cuda/std/__internal/atomic.h:13,
                 from /home/arnur/fp4-speech/.venv/lib/python3.12/site-packages/flashinfer/data/cccl/libcudacxx/include/cuda/std/detail/__config:14,
                 from /home/arnur/fp4-speech/.venv/lib/python3.12/site-packages/flashinfer/data/cccl/libcudacxx/include/cuda/std/utility:14,
                 from /home/arnur/fp4-speech/.venv/lib/python3.12/site-packages/flashinfer/data/cutlass/include/cutlass/fast_math.h:42,
                 from /home/arnur/fp4-speech/.venv/lib/python3.12/site-packages/flashinfer/data/cutlass/include/cute/numeric/math.hpp:36,
                 from /home/arnur/fp4-speech/.venv/lib/python3.12/site-packages/flashinfer/data/cutlass/include/cute/numeric/integral_constant.hpp:33,
                 from /home/arnur/fp4-speech/.venv/lib/python3.12/site-packages/flashinfer/data/cutlass/include/cute/numeric/integer_sequence.hpp:35,
                 from /home/arnur/fp4-speech/.venv/lib/python3.12/site-packages/flashinfer/data/cutlass/include/cute/arch/util.hpp:34,
                 from /home/arnur/fp4-speech/.venv/lib/python3.12/site-packages/flashinfer/data/cutlass/include/cute/arch/copy.hpp:35,
                 from /home/arnur/fp4-speech/.venv/lib/python3.12/site-packages/flashinfer/data/cutlass/include/cutlass/epilogue/collective/collective_builder.hpp:33,
                 from /home/arnur/fp4-speech/.venv/lib/python3.12/site-packages/flashinfer/data/include/flashinfer/gemm/fp4_gemm_cutlass_template_sm120.h:27,
                 from /home/arnur/.cache/flashinfer/0.6.11.post2/120f/generated/gen_gemm_sm120_cutlass_fp4/fp4_gemm_cutlass_half_256_128_128.cu:18:
/home/arnur/fp4-speech/.venv/lib/python3.12/site-packages/flashinfer/data/cccl/libcudacxx/include/cuda/std/__cccl/cuda_toolkit.h:41:8: error: #error "CUDA compiler and CUDA toolkit headers are incompatible, please check your include paths"
   41 | #      error "CUDA compiler and CUDA toolkit headers are incompatible, please check your include paths"
      |        ^~~~~
[6/18]  /home/arnur/fp4-speech/.venv/lib/python3.12/site-packages/nvidia/cu13/bin/nvcc --generate-dependencies-with-compile -MF /home/arnur/.cache/flashinfer/0.6.11.post2/120f/cached_ops/fp4_gemm_cutlass_sm120/gen_gemm_sm120_cutlass_fp4_fp4_gemm_cutlass___nv_bfloat16_128_128_128.cuda.o.d -DPy_LIMITED_API=0x03090000 -D_GLIBCXX_USE_CXX11_ABI=1 -I/home/arnur/fp4-speech/.venv/lib/python3.12/site-packages/flashinfer/data/cccl/cub -I/home/arnur/fp4-speech/.venv/lib/python3.12/site-packages/flashinfer/data/cccl/libcudacxx/include -I/home/arnur/fp4-speech/.venv/lib/python3.12/site-packages/flashinfer/data/cccl/thrust -isystem /usr/include/python3.12 -isystem /home/arnur/fp4-speech/.venv/lib/python3.12/site-packages/nvidia/cu13/include -isystem /home/arnur/fp4-speech/.venv/lib/python3.12/site-packages/tvm_ffi/include -isystem /home/arnur/fp4-speech/.venv/lib/python3.12/site-packages/tvm_ffi/include -isystem /home/arnur/fp4-speech/.venv/lib/python3.12/site-packages/flashinfer/data/include -isystem /home/arnur/fp4-speech/.venv/lib/python3.12/site-packages/flashinfer/data/csrc -isystem /home/arnur/fp4-speech/.venv/lib/python3.12/site-packages/flashinfer/data/cutlass/include -isystem /home/arnur/fp4-speech/.venv/lib/python3.12/site-packages/flashinfer/data/cutlass/tools/util/include -isystem /home/arnur/fp4-speech/.venv/lib/python3.12/site-packages/flashinfer/data/spdlog/include --compiler-options=-fPIC --expt-relaxed-constexpr -static-global-template-stub=false -DFLASHINFER_ENABLE_FP8_E8M0 -DFLASHINFER_ENABLE_FP4_E2M1 -std=c++17 --threads=1 -use_fast_math -DFLASHINFER_ENABLE_F16 -DFLASHINFER_ENABLE_BF16 -DFLASHINFER_ENABLE_FP8_E4M3 -DFLASHINFER_ENABLE_FP8_E5M2 -DNDEBUG -O3 -gencode=arch=compute_120f,code=sm_120f -DFLASHINFER_ENABLE_FP8_E8M0 -DFLASHINFER_ENABLE_FP4_E2M1 -DENABLE_BF16 -DENABLE_FP4 -DCUTLASS_ENABLE_GDC_FOR_SM100=1 -c /home/arnur/.cache/flashinfer/0.6.11.post2/120f/generated/gen_gemm_sm120_cutlass_fp4/fp4_gemm_cutlass___nv_bfloat16_128_128_128.cu -o /home/arnur/.cache/flashinfer/0.6.11.post2/120f/cached_ops/fp4_gemm_cutlass_sm120/gen_gemm_sm120_cutlass_fp4_fp4_gemm_cutlass___nv_bfloat16_128_128_128.cuda.o 
FAILED: [code=1] /home/arnur/.cache/flashinfer/0.6.11.post2/120f/cached_ops/fp4_gemm_cutlass_sm120/gen_gemm_sm120_cutlass_fp4_fp4_gemm_cutlass___nv_bfloat16_128_128_128.cuda.o 
 /home/arnur/fp4-speech/.venv/lib/python3.12/site-packages/nvidia/cu13/bin/nvcc --generate-dependencies-with-compile -MF /home/arnur/.cache/flashinfer/0.6.11.post2/120f/cached_ops/fp4_gemm_cutlass_sm120/gen_gemm_sm120_cutlass_fp4_fp4_gemm_cutlass___nv_bfloat16_128_128_128.cuda.o.d -DPy_LIMITED_API=0x03090000 -D_GLIBCXX_USE_CXX11_ABI=1 -I/home/arnur/fp4-speech/.venv/lib/python3.12/site-packages/flashinfer/data/cccl/cub -I/home/arnur/fp4-speech/.venv/lib/python3.12/site-packages/flashinfer/data/cccl/libcudacxx/include -I/home/arnur/fp4-speech/.venv/lib/python3.12/site-packages/flashinfer/data/cccl/thrust -isystem /usr/include/python3.12 -isystem /home/arnur/fp4-speech/.venv/lib/python3.12/site-packages/nvidia/cu13/include -isystem /home/arnur/fp4-speech/.venv/lib/python3.12/site-packages/tvm_ffi/include -isystem /home/arnur/fp4-speech/.venv/lib/python3.12/site-packages/tvm_ffi/include -isystem /home/arnur/fp4-speech/.venv/lib/python3.12/site-packages/flashinfer/data/include -isystem /home/arnur/fp4-speech/.venv/lib/python3.12/site-packages/flashinfer/data/csrc -isystem /home/arnur/fp4-speech/.venv/lib/python3.12/site-packages/flashinfer/data/cutlass/include -isystem /home/arnur/fp4-speech/.venv/lib/python3.12/site-packages/flashinfer/data/cutlass/tools/util/include -isystem /home/arnur/fp4-speech/.venv/lib/python3.12/site-packages/flashinfer/data/spdlog/include --compiler-options=-fPIC --expt-relaxed-constexpr -static-global-template-stub=false -DFLASHINFER_ENABLE_FP8_E8M0 -DFLASHINFER_ENABLE_FP4_E2M1 -std=c++17 --threads=1 -use_fast_math -DFLASHINFER_ENABLE_F16 -DFLASHINFER_ENABLE_BF16 -DFLASHINFER_ENABLE_FP8_E4M3 -DFLASHINFER_ENABLE_FP8_E5M2 -DNDEBUG -O3 -gencode=arch=compute_120f,code=sm_120f -DFLASHINFER_ENABLE_FP8_E8M0 -DFLASHINFER_ENABLE_FP4_E2M1 -DENABLE_BF16 -DENABLE_FP4 -DCUTLASS_ENABLE_GDC_FOR_SM100=1 -c /home/arnur/.cache/flashinfer/0.6.11.post2/120f/generated/gen_gemm_sm120_cutlass_fp4/fp4_gemm_cutlass___nv_bfloat16_128_128_128.cu -o /home/arnur/.cache/flashinfer/0.6.11.post2/120f/cached_ops/fp4_gemm_cutlass_sm120/gen_gemm_sm120_cutlass_fp4_fp4_gemm_cutlass___nv_bfloat16_128_128_128.cuda.o 
In file included from /home/arnur/fp4-speech/.venv/lib/python3.12/site-packages/flashinfer/data/cccl/libcudacxx/include/cuda/std/__cccl/extended_data_types.h:26,
                 from /home/arnur/fp4-speech/.venv/lib/python3.12/site-packages/flashinfer/data/cccl/libcudacxx/include/cuda/std/__cccl/builtin.h:26,
                 from /home/arnur/fp4-speech/.venv/lib/python3.12/site-packages/flashinfer/data/cccl/libcudacxx/include/cuda/std/__cccl/dialect.h:25,
                 from /home/arnur/fp4-speech/.venv/lib/python3.12/site-packages/flashinfer/data/cccl/libcudacxx/include/cuda/std/__cccl/attributes.h:26,
                 from /home/arnur/fp4-speech/.venv/lib/python3.12/site-packages/flashinfer/data/cccl/libcudacxx/include/cuda/std/__cccl/assert.h:25,
                 from /home/arnur/fp4-speech/.venv/lib/python3.12/site-packages/flashinfer/data/cccl/libcudacxx/include/cuda/__cccl_config:15,
                 from /home/arnur/fp4-speech/.venv/lib/python3.12/site-packages/flashinfer/data/cccl/libcudacxx/include/cuda/std/__internal/atomic.h:13,
                 from /home/arnur/fp4-speech/.venv/lib/python3.12/site-packages/flashinfer/data/cccl/libcudacxx/include/cuda/std/detail/__config:14,
                 from /home/arnur/fp4-speech/.venv/lib/python3.12/site-packages/flashinfer/data/cccl/libcudacxx/include/cuda/std/utility:14,
                 from /home/arnur/fp4-speech/.venv/lib/python3.12/site-packages/flashinfer/data/cutlass/include/cutlass/fast_math.h:42,
                 from /home/arnur/fp4-speech/.venv/lib/python3.12/site-packages/flashinfer/data/cutlass/include/cute/numeric/math.hpp:36,
                 from /home/arnur/fp4-speech/.venv/lib/python3.12/site-packages/flashinfer/data/cutlass/include/cute/numeric/integral_constant.hpp:33,
                 from /home/arnur/fp4-speech/.venv/lib/python3.12/site-packages/flashinfer/data/cutlass/include/cute/numeric/integer_sequence.hpp:35,
                 from /home/arnur/fp4-speech/.venv/lib/python3.12/site-packages/flashinfer/data/cutlass/include/cute/arch/util.hpp:34,
                 from /home/arnur/fp4-speech/.venv/lib/python3.12/site-packages/flashinfer/data/cutlass/include/cute/arch/copy.hpp:35,
                 from /home/arnur/fp4-speech/.venv/lib/python3.12/site-packages/flashinfer/data/cutlass/include/cutlass/epilogue/collective/collective_builder.hpp:33,
                 from /home/arnur/fp4-speech/.venv/lib/python3.12/site-packages/flashinfer/data/include/flashinfer/gemm/fp4_gemm_cutlass_template_sm120.h:27,
                 from /home/arnur/.cache/flashinfer/0.6.11.post2/120f/generated/gen_gemm_sm120_cutlass_fp4/fp4_gemm_cutlass___nv_bfloat16_128_128_128.cu:18:
/home/arnur/fp4-speech/.venv/lib/python3.12/site-packages/flashinfer/data/cccl/libcudacxx/include/cuda/std/__cccl/cuda_toolkit.h:41:8: error: #error "CUDA compiler and CUDA toolkit headers are incompatible, please check your include paths"
   41 | #      error "CUDA compiler and CUDA toolkit headers are incompatible, please check your include paths"
      |        ^~~~~
[7/18]  /home/arnur/fp4-speech/.venv/lib/python3.12/site-packages/nvidia/cu13/bin/nvcc --generate-dependencies-with-compile -MF /home/arnur/.cache/flashinfer/0.6.11.post2/120f/cached_ops/fp4_gemm_cutlass_sm120/gen_gemm_sm120_cutlass_fp4_fp4_gemm_cutlass___nv_bfloat16_128_64_128.cuda.o.d -DPy_LIMITED_API=0x03090000 -D_GLIBCXX_USE_CXX11_ABI=1 -I/home/arnur/fp4-speech/.venv/lib/python3.12/site-packages/flashinfer/data/cccl/cub -I/home/arnur/fp4-speech/.venv/lib/python3.12/site-packages/flashinfer/data/cccl/libcudacxx/include -I/home/arnur/fp4-speech/.venv/lib/python3.12/site-packages/flashinfer/data/cccl/thrust -isystem /usr/include/python3.12 -isystem /home/arnur/fp4-speech/.venv/lib/python3.12/site-packages/nvidia/cu13/include -isystem /home/arnur/fp4-speech/.venv/lib/python3.12/site-packages/tvm_ffi/include -isystem /home/arnur/fp4-speech/.venv/lib/python3.12/site-packages/tvm_ffi/include -isystem /home/arnur/fp4-speech/.venv/lib/python3.12/site-packages/flashinfer/data/include -isystem /home/arnur/fp4-speech/.venv/lib/python3.12/site-packages/flashinfer/data/csrc -isystem /home/arnur/fp4-speech/.venv/lib/python3.12/site-packages/flashinfer/data/cutlass/include -isystem /home/arnur/fp4-speech/.venv/lib/python3.12/site-packages/flashinfer/data/cutlass/tools/util/include -isystem /home/arnur/fp4-speech/.venv/lib/python3.12/site-packages/flashinfer/data/spdlog/include --compiler-options=-fPIC --expt-relaxed-constexpr -static-global-template-stub=false -DFLASHINFER_ENABLE_FP8_E8M0 -DFLASHINFER_ENABLE_FP4_E2M1 -std=c++17 --threads=1 -use_fast_math -DFLASHINFER_ENABLE_F16 -DFLASHINFER_ENABLE_BF16 -DFLASHINFER_ENABLE_FP8_E4M3 -DFLASHINFER_ENABLE_FP8_E5M2 -DNDEBUG -O3 -gencode=arch=compute_120f,code=sm_120f -DFLASHINFER_ENABLE_FP8_E8M0 -DFLASHINFER_ENABLE_FP4_E2M1 -DENABLE_BF16 -DENABLE_FP4 -DCUTLASS_ENABLE_GDC_FOR_SM100=1 -c /home/arnur/.cache/flashinfer/0.6.11.post2/120f/generated/gen_gemm_sm120_cutlass_fp4/fp4_gemm_cutlass___nv_bfloat16_128_64_128.cu -o /home/arnur/.cache/flashinfer/0.6.11.post2/120f/cached_ops/fp4_gemm_cutlass_sm120/gen_gemm_sm120_cutlass_fp4_fp4_gemm_cutlass___nv_bfloat16_128_64_128.cuda.o 
FAILED: [code=1] /home/arnur/.cache/flashinfer/0.6.11.post2/120f/cached_ops/fp4_gemm_cutlass_sm120/gen_gemm_sm120_cutlass_fp4_fp4_gemm_cutlass___nv_bfloat16_128_64_128.cuda.o 
 /home/arnur/fp4-speech/.venv/lib/python3.12/site-packages/nvidia/cu13/bin/nvcc --generate-dependencies-with-compile -MF /home/arnur/.cache/flashinfer/0.6.11.post2/120f/cached_ops/fp4_gemm_cutlass_sm120/gen_gemm_sm120_cutlass_fp4_fp4_gemm_cutlass___nv_bfloat16_128_64_128.cuda.o.d -DPy_LIMITED_API=0x03090000 -D_GLIBCXX_USE_CXX11_ABI=1 -I/home/arnur/fp4-speech/.venv/lib/python3.12/site-packages/flashinfer/data/cccl/cub -I/home/arnur/fp4-speech/.venv/lib/python3.12/site-packages/flashinfer/data/cccl/libcudacxx/include -I/home/arnur/fp4-speech/.venv/lib/python3.12/site-packages/flashinfer/data/cccl/thrust -isystem /usr/include/python3.12 -isystem /home/arnur/fp4-speech/.venv/lib/python3.12/site-packages/nvidia/cu13/include -isystem /home/arnur/fp4-speech/.venv/lib/python3.12/site-packages/tvm_ffi/include -isystem /home/arnur/fp4-speech/.venv/lib/python3.12/site-packages/tvm_ffi/include -isystem /home/arnur/fp4-speech/.venv/lib/python3.12/site-packages/flashinfer/data/include -isystem /home/arnur/fp4-speech/.venv/lib/python3.12/site-packages/flashinfer/data/csrc -isystem /home/arnur/fp4-speech/.venv/lib/python3.12/site-packages/flashinfer/data/cutlass/include -isystem /home/arnur/fp4-speech/.venv/lib/python3.12/site-packages/flashinfer/data/cutlass/tools/util/include -isystem /home/arnur/fp4-speech/.venv/lib/python3.12/site-packages/flashinfer/data/spdlog/include --compiler-options=-fPIC --expt-relaxed-constexpr -static-global-template-stub=false -DFLASHINFER_ENABLE_FP8_E8M0 -DFLASHINFER_ENABLE_FP4_E2M1 -std=c++17 --threads=1 -use_fast_math -DFLASHINFER_ENABLE_F16 -DFLASHINFER_ENABLE_BF16 -DFLASHINFER_ENABLE_FP8_E4M3 -DFLASHINFER_ENABLE_FP8_E5M2 -DNDEBUG -O3 -gencode=arch=compute_120f,code=sm_120f -DFLASHINFER_ENABLE_FP8_E8M0 -DFLASHINFER_ENABLE_FP4_E2M1 -DENABLE_BF16 -DENABLE_FP4 -DCUTLASS_ENABLE_GDC_FOR_SM100=1 -c /home/arnur/.cache/flashinfer/0.6.11.post2/120f/generated/gen_gemm_sm120_cutlass_fp4/fp4_gemm_cutlass___nv_bfloat16_128_64_128.cu -o /home/arnur/.cache/flashinfer/0.6.11.post2/120f/cached_ops/fp4_gemm_cutlass_sm120/gen_gemm_sm120_cutlass_fp4_fp4_gemm_cutlass___nv_bfloat16_128_64_128.cuda.o 
In file included from /home/arnur/fp4-speech/.venv/lib/python3.12/site-packages/flashinfer/data/cccl/libcudacxx/include/cuda/std/__cccl/extended_data_types.h:26,
                 from /home/arnur/fp4-speech/.venv/lib/python3.12/site-packages/flashinfer/data/cccl/libcudacxx/include/cuda/std/__cccl/builtin.h:26,
                 from /home/arnur/fp4-speech/.venv/lib/python3.12/site-packages/flashinfer/data/cccl/libcudacxx/include/cuda/std/__cccl/dialect.h:25,
                 from /home/arnur/fp4-speech/.venv/lib/python3.12/site-packages/flashinfer/data/cccl/libcudacxx/include/cuda/std/__cccl/attributes.h:26,
                 from /home/arnur/fp4-speech/.venv/lib/python3.12/site-packages/flashinfer/data/cccl/libcudacxx/include/cuda/std/__cccl/assert.h:25,
                 from /home/arnur/fp4-speech/.venv/lib/python3.12/site-packages/flashinfer/data/cccl/libcudacxx/include/cuda/__cccl_config:15,
                 from /home/arnur/fp4-speech/.venv/lib/python3.12/site-packages/flashinfer/data/cccl/libcudacxx/include/cuda/std/__internal/atomic.h:13,
                 from /home/arnur/fp4-speech/.venv/lib/python3.12/site-packages/flashinfer/data/cccl/libcudacxx/include/cuda/std/detail/__config:14,
                 from /home/arnur/fp4-speech/.venv/lib/python3.12/site-packages/flashinfer/data/cccl/libcudacxx/include/cuda/std/utility:14,
                 from /home/arnur/fp4-speech/.venv/lib/python3.12/site-packages/flashinfer/data/cutlass/include/cutlass/fast_math.h:42,
                 from /home/arnur/fp4-speech/.venv/lib/python3.12/site-packages/flashinfer/data/cutlass/include/cute/numeric/math.hpp:36,
                 from /home/arnur/fp4-speech/.venv/lib/python3.12/site-packages/flashinfer/data/cutlass/include/cute/numeric/integral_constant.hpp:33,
                 from /home/arnur/fp4-speech/.venv/lib/python3.12/site-packages/flashinfer/data/cutlass/include/cute/numeric/integer_sequence.hpp:35,
                 from /home/arnur/fp4-speech/.venv/lib/python3.12/site-packages/flashinfer/data/cutlass/include/cute/arch/util.hpp:34,
                 from /home/arnur/fp4-speech/.venv/lib/python3.12/site-packages/flashinfer/data/cutlass/include/cute/arch/copy.hpp:35,
                 from /home/arnur/fp4-speech/.venv/lib/python3.12/site-packages/flashinfer/data/cutlass/include/cutlass/epilogue/collective/collective_builder.hpp:33,
                 from /home/arnur/fp4-speech/.venv/lib/python3.12/site-packages/flashinfer/data/include/flashinfer/gemm/fp4_gemm_cutlass_template_sm120.h:27,
                 from /home/arnur/.cache/flashinfer/0.6.11.post2/120f/generated/gen_gemm_sm120_cutlass_fp4/fp4_gemm_cutlass___nv_bfloat16_128_64_128.cu:18:
/home/arnur/fp4-speech/.venv/lib/python3.12/site-packages/flashinfer/data/cccl/libcudacxx/include/cuda/std/__cccl/cuda_toolkit.h:41:8: error: #error "CUDA compiler and CUDA toolkit headers are incompatible, please check your include paths"
   41 | #      error "CUDA compiler and CUDA toolkit headers are incompatible, please check your include paths"
      |        ^~~~~
[8/18]  /home/arnur/fp4-speech/.venv/lib/python3.12/site-packages/nvidia/cu13/bin/nvcc --generate-dependencies-with-compile -MF /home/arnur/.cache/flashinfer/0.6.11.post2/120f/cached_ops/fp4_gemm_cutlass_sm120/gen_gemm_sm120_cutlass_fp4_fp4_gemm_cutlass___nv_bfloat16_128_64_256.cuda.o.d -DPy_LIMITED_API=0x03090000 -D_GLIBCXX_USE_CXX11_ABI=1 -I/home/arnur/fp4-speech/.venv/lib/python3.12/site-packages/flashinfer/data/cccl/cub -I/home/arnur/fp4-speech/.venv/lib/python3.12/site-packages/flashinfer/data/cccl/libcudacxx/include -I/home/arnur/fp4-speech/.venv/lib/python3.12/site-packages/flashinfer/data/cccl/thrust -isystem /usr/include/python3.12 -isystem /home/arnur/fp4-speech/.venv/lib/python3.12/site-packages/nvidia/cu13/include -isystem /home/arnur/fp4-speech/.venv/lib/python3.12/site-packages/tvm_ffi/include -isystem /home/arnur/fp4-speech/.venv/lib/python3.12/site-packages/tvm_ffi/include -isystem /home/arnur/fp4-speech/.venv/lib/python3.12/site-packages/flashinfer/data/include -isystem /home/arnur/fp4-speech/.venv/lib/python3.12/site-packages/flashinfer/data/csrc -isystem /home/arnur/fp4-speech/.venv/lib/python3.12/site-packages/flashinfer/data/cutlass/include -isystem /home/arnur/fp4-speech/.venv/lib/python3.12/site-packages/flashinfer/data/cutlass/tools/util/include -isystem /home/arnur/fp4-speech/.venv/lib/python3.12/site-packages/flashinfer/data/spdlog/include --compiler-options=-fPIC --expt-relaxed-constexpr -static-global-template-stub=false -DFLASHINFER_ENABLE_FP8_E8M0 -DFLASHINFER_ENABLE_FP4_E2M1 -std=c++17 --threads=1 -use_fast_math -DFLASHINFER_ENABLE_F16 -DFLASHINFER_ENABLE_BF16 -DFLASHINFER_ENABLE_FP8_E4M3 -DFLASHINFER_ENABLE_FP8_E5M2 -DNDEBUG -O3 -gencode=arch=compute_120f,code=sm_120f -DFLASHINFER_ENABLE_FP8_E8M0 -DFLASHINFER_ENABLE_FP4_E2M1 -DENABLE_BF16 -DENABLE_FP4 -DCUTLASS_ENABLE_GDC_FOR_SM100=1 -c /home/arnur/.cache/flashinfer/0.6.11.post2/120f/generated/gen_gemm_sm120_cutlass_fp4/fp4_gemm_cutlass___nv_bfloat16_128_64_256.cu -o /home/arnur/.cache/flashinfer/0.6.11.post2/120f/cached_ops/fp4_gemm_cutlass_sm120/gen_gemm_sm120_cutlass_fp4_fp4_gemm_cutlass___nv_bfloat16_128_64_256.cuda.o 
FAILED: [code=1] /home/arnur/.cache/flashinfer/0.6.11.post2/120f/cached_ops/fp4_gemm_cutlass_sm120/gen_gemm_sm120_cutlass_fp4_fp4_gemm_cutlass___nv_bfloat16_128_64_256.cuda.o 
 /home/arnur/fp4-speech/.venv/lib/python3.12/site-packages/nvidia/cu13/bin/nvcc --generate-dependencies-with-compile -MF /home/arnur/.cache/flashinfer/0.6.11.post2/120f/cached_ops/fp4_gemm_cutlass_sm120/gen_gemm_sm120_cutlass_fp4_fp4_gemm_cutlass___nv_bfloat16_128_64_256.cuda.o.d -DPy_LIMITED_API=0x03090000 -D_GLIBCXX_USE_CXX11_ABI=1 -I/home/arnur/fp4-speech/.venv/lib/python3.12/site-packages/flashinfer/data/cccl/cub -I/home/arnur/fp4-speech/.venv/lib/python3.12/site-packages/flashinfer/data/cccl/libcudacxx/include -I/home/arnur/fp4-speech/.venv/lib/python3.12/site-packages/flashinfer/data/cccl/thrust -isystem /usr/include/python3.12 -isystem /home/arnur/fp4-speech/.venv/lib/python3.12/site-packages/nvidia/cu13/include -isystem /home/arnur/fp4-speech/.venv/lib/python3.12/site-packages/tvm_ffi/include -isystem /home/arnur/fp4-speech/.venv/lib/python3.12/site-packages/tvm_ffi/include -isystem /home/arnur/fp4-speech/.venv/lib/python3.12/site-packages/flashinfer/data/include -isystem /home/arnur/fp4-speech/.venv/lib/python3.12/site-packages/flashinfer/data/csrc -isystem /home/arnur/fp4-speech/.venv/lib/python3.12/site-packages/flashinfer/data/cutlass/include -isystem /home/arnur/fp4-speech/.venv/lib/python3.12/site-packages/flashinfer/data/cutlass/tools/util/include -isystem /home/arnur/fp4-speech/.venv/lib/python3.12/site-packages/flashinfer/data/spdlog/include --compiler-options=-fPIC --expt-relaxed-constexpr -static-global-template-stub=false -DFLASHINFER_ENABLE_FP8_E8M0 -DFLASHINFER_ENABLE_FP4_E2M1 -std=c++17 --threads=1 -use_fast_math -DFLASHINFER_ENABLE_F16 -DFLASHINFER_ENABLE_BF16 -DFLASHINFER_ENABLE_FP8_E4M3 -DFLASHINFER_ENABLE_FP8_E5M2 -DNDEBUG -O3 -gencode=arch=compute_120f,code=sm_120f -DFLASHINFER_ENABLE_FP8_E8M0 -DFLASHINFER_ENABLE_FP4_E2M1 -DENABLE_BF16 -DENABLE_FP4 -DCUTLASS_ENABLE_GDC_FOR_SM100=1 -c /home/arnur/.cache/flashinfer/0.6.11.post2/120f/generated/gen_gemm_sm120_cutlass_fp4/fp4_gemm_cutlass___nv_bfloat16_128_64_256.cu -o /home/arnur/.cache/flashinfer/0.6.11.post2/120f/cached_ops/fp4_gemm_cutlass_sm120/gen_gemm_sm120_cutlass_fp4_fp4_gemm_cutlass___nv_bfloat16_128_64_256.cuda.o 
In file included from /home/arnur/fp4-speech/.venv/lib/python3.12/site-packages/flashinfer/data/cccl/libcudacxx/include/cuda/std/__cccl/extended_data_types.h:26,
                 from /home/arnur/fp4-speech/.venv/lib/python3.12/site-packages/flashinfer/data/cccl/libcudacxx/include/cuda/std/__cccl/builtin.h:26,
                 from /home/arnur/fp4-speech/.venv/lib/python3.12/site-packages/flashinfer/data/cccl/libcudacxx/include/cuda/std/__cccl/dialect.h:25,
                 from /home/arnur/fp4-speech/.venv/lib/python3.12/site-packages/flashinfer/data/cccl/libcudacxx/include/cuda/std/__cccl/attributes.h:26,
                 from /home/arnur/fp4-speech/.venv/lib/python3.12/site-packages/flashinfer/data/cccl/libcudacxx/include/cuda/std/__cccl/assert.h:25,
                 from /home/arnur/fp4-speech/.venv/lib/python3.12/site-packages/flashinfer/data/cccl/libcudacxx/include/cuda/__cccl_config:15,
                 from /home/arnur/fp4-speech/.venv/lib/python3.12/site-packages/flashinfer/data/cccl/libcudacxx/include/cuda/std/__internal/atomic.h:13,
                 from /home/arnur/fp4-speech/.venv/lib/python3.12/site-packages/flashinfer/data/cccl/libcudacxx/include/cuda/std/detail/__config:14,
                 from /home/arnur/fp4-speech/.venv/lib/python3.12/site-packages/flashinfer/data/cccl/libcudacxx/include/cuda/std/utility:14,
                 from /home/arnur/fp4-speech/.venv/lib/python3.12/site-packages/flashinfer/data/cutlass/include/cutlass/fast_math.h:42,
                 from /home/arnur/fp4-speech/.venv/lib/python3.12/site-packages/flashinfer/data/cutlass/include/cute/numeric/math.hpp:36,
                 from /home/arnur/fp4-speech/.venv/lib/python3.12/site-packages/flashinfer/data/cutlass/include/cute/numeric/integral_constant.hpp:33,
                 from /home/arnur/fp4-speech/.venv/lib/python3.12/site-packages/flashinfer/data/cutlass/include/cute/numeric/integer_sequence.hpp:35,
                 from /home/arnur/fp4-speech/.venv/lib/python3.12/site-packages/flashinfer/data/cutlass/include/cute/arch/util.hpp:34,
                 from /home/arnur/fp4-speech/.venv/lib/python3.12/site-packages/flashinfer/data/cutlass/include/cute/arch/copy.hpp:35,
                 from /home/arnur/fp4-speech/.venv/lib/python3.12/site-packages/flashinfer/data/cutlass/include/cutlass/epilogue/collective/collective_builder.hpp:33,
                 from /home/arnur/fp4-speech/.venv/lib/python3.12/site-packages/flashinfer/data/include/flashinfer/gemm/fp4_gemm_cutlass_template_sm120.h:27,
                 from /home/arnur/.cache/flashinfer/0.6.11.post2/120f/generated/gen_gemm_sm120_cutlass_fp4/fp4_gemm_cutlass___nv_bfloat16_128_64_256.cu:18:
/home/arnur/fp4-speech/.venv/lib/python3.12/site-packages/flashinfer/data/cccl/libcudacxx/include/cuda/std/__cccl/cuda_toolkit.h:41:8: error: #error "CUDA compiler and CUDA toolkit headers are incompatible, please check your include paths"
   41 | #      error "CUDA compiler and CUDA toolkit headers are incompatible, please check your include paths"
      |        ^~~~~
[9/18]  /home/arnur/fp4-speech/.venv/lib/python3.12/site-packages/nvidia/cu13/bin/nvcc --generate-dependencies-with-compile -MF /home/arnur/.cache/flashinfer/0.6.11.post2/120f/cached_ops/fp4_gemm_cutlass_sm120/gen_gemm_sm120_cutlass_fp4_fp4_gemm_cutlass_half_128_32_128.cuda.o.d -DPy_LIMITED_API=0x03090000 -D_GLIBCXX_USE_CXX11_ABI=1 -I/home/arnur/fp4-speech/.venv/lib/python3.12/site-packages/flashinfer/data/cccl/cub -I/home/arnur/fp4-speech/.venv/lib/python3.12/site-packages/flashinfer/data/cccl/libcudacxx/include -I/home/arnur/fp4-speech/.venv/lib/python3.12/site-packages/flashinfer/data/cccl/thrust -isystem /usr/include/python3.12 -isystem /home/arnur/fp4-speech/.venv/lib/python3.12/site-packages/nvidia/cu13/include -isystem /home/arnur/fp4-speech/.venv/lib/python3.12/site-packages/tvm_ffi/include -isystem /home/arnur/fp4-speech/.venv/lib/python3.12/site-packages/tvm_ffi/include -isystem /home/arnur/fp4-speech/.venv/lib/python3.12/site-packages/flashinfer/data/include -isystem /home/arnur/fp4-speech/.venv/lib/python3.12/site-packages/flashinfer/data/csrc -isystem /home/arnur/fp4-speech/.venv/lib/python3.12/site-packages/flashinfer/data/cutlass/include -isystem /home/arnur/fp4-speech/.venv/lib/python3.12/site-packages/flashinfer/data/cutlass/tools/util/include -isystem /home/arnur/fp4-speech/.venv/lib/python3.12/site-packages/flashinfer/data/spdlog/include --compiler-options=-fPIC --expt-relaxed-constexpr -static-global-template-stub=false -DFLASHINFER_ENABLE_FP8_E8M0 -DFLASHINFER_ENABLE_FP4_E2M1 -std=c++17 --threads=1 -use_fast_math -DFLASHINFER_ENABLE_F16 -DFLASHINFER_ENABLE_BF16 -DFLASHINFER_ENABLE_FP8_E4M3 -DFLASHINFER_ENABLE_FP8_E5M2 -DNDEBUG -O3 -gencode=arch=compute_120f,code=sm_120f -DFLASHINFER_ENABLE_FP8_E8M0 -DFLASHINFER_ENABLE_FP4_E2M1 -DENABLE_BF16 -DENABLE_FP4 -DCUTLASS_ENABLE_GDC_FOR_SM100=1 -c /home/arnur/.cache/flashinfer/0.6.11.post2/120f/generated/gen_gemm_sm120_cutlass_fp4/fp4_gemm_cutlass_half_128_32_128.cu -o /home/arnur/.cache/flashinfer/0.6.11.post2/120f/cached_ops/fp4_gemm_cutlass_sm120/gen_gemm_sm120_cutlass_fp4_fp4_gemm_cutlass_half_128_32_128.cuda.o 
FAILED: [code=1] /home/arnur/.cache/flashinfer/0.6.11.post2/120f/cached_ops/fp4_gemm_cutlass_sm120/gen_gemm_sm120_cutlass_fp4_fp4_gemm_cutlass_half_128_32_128.cuda.o 
 /home/arnur/fp4-speech/.venv/lib/python3.12/site-packages/nvidia/cu13/bin/nvcc --generate-dependencies-with-compile -MF /home/arnur/.cache/flashinfer/0.6.11.post2/120f/cached_ops/fp4_gemm_cutlass_sm120/gen_gemm_sm120_cutlass_fp4_fp4_gemm_cutlass_half_128_32_128.cuda.o.d -DPy_LIMITED_API=0x03090000 -D_GLIBCXX_USE_CXX11_ABI=1 -I/home/arnur/fp4-speech/.venv/lib/python3.12/site-packages/flashinfer/data/cccl/cub -I/home/arnur/fp4-speech/.venv/lib/python3.12/site-packages/flashinfer/data/cccl/libcudacxx/include -I/home/arnur/fp4-speech/.venv/lib/python3.12/site-packages/flashinfer/data/cccl/thrust -isystem /usr/include/python3.12 -isystem /home/arnur/fp4-speech/.venv/lib/python3.12/site-packages/nvidia/cu13/include -isystem /home/arnur/fp4-speech/.venv/lib/python3.12/site-packages/tvm_ffi/include -isystem /home/arnur/fp4-speech/.venv/lib/python3.12/site-packages/tvm_ffi/include -isystem /home/arnur/fp4-speech/.venv/lib/python3.12/site-packages/flashinfer/data/include -isystem /home/arnur/fp4-speech/.venv/lib/python3.12/site-packages/flashinfer/data/csrc -isystem /home/arnur/fp4-speech/.venv/lib/python3.12/site-packages/flashinfer/data/cutlass/include -isystem /home/arnur/fp4-speech/.venv/lib/python3.12/site-packages/flashinfer/data/cutlass/tools/util/include -isystem /home/arnur/fp4-speech/.venv/lib/python3.12/site-packages/flashinfer/data/spdlog/include --compiler-options=-fPIC --expt-relaxed-constexpr -static-global-template-stub=false -DFLASHINFER_ENABLE_FP8_E8M0 -DFLASHINFER_ENABLE_FP4_E2M1 -std=c++17 --threads=1 -use_fast_math -DFLASHINFER_ENABLE_F16 -DFLASHINFER_ENABLE_BF16 -DFLASHINFER_ENABLE_FP8_E4M3 -DFLASHINFER_ENABLE_FP8_E5M2 -DNDEBUG -O3 -gencode=arch=compute_120f,code=sm_120f -DFLASHINFER_ENABLE_FP8_E8M0 -DFLASHINFER_ENABLE_FP4_E2M1 -DENABLE_BF16 -DENABLE_FP4 -DCUTLASS_ENABLE_GDC_FOR_SM100=1 -c /home/arnur/.cache/flashinfer/0.6.11.post2/120f/generated/gen_gemm_sm120_cutlass_fp4/fp4_gemm_cutlass_half_128_32_128.cu -o /home/arnur/.cache/flashinfer/0.6.11.post2/120f/cached_ops/fp4_gemm_cutlass_sm120/gen_gemm_sm120_cutlass_fp4_fp4_gemm_cutlass_half_128_32_128.cuda.o 
In file included from /home/arnur/fp4-speech/.venv/lib/python3.12/site-packages/flashinfer/data/cccl/libcudacxx/include/cuda/std/__cccl/extended_data_types.h:26,
                 from /home/arnur/fp4-speech/.venv/lib/python3.12/site-packages/flashinfer/data/cccl/libcudacxx/include/cuda/std/__cccl/builtin.h:26,
                 from /home/arnur/fp4-speech/.venv/lib/python3.12/site-packages/flashinfer/data/cccl/libcudacxx/include/cuda/std/__cccl/dialect.h:25,
                 from /home/arnur/fp4-speech/.venv/lib/python3.12/site-packages/flashinfer/data/cccl/libcudacxx/include/cuda/std/__cccl/attributes.h:26,
                 from /home/arnur/fp4-speech/.venv/lib/python3.12/site-packages/flashinfer/data/cccl/libcudacxx/include/cuda/std/__cccl/assert.h:25,
                 from /home/arnur/fp4-speech/.venv/lib/python3.12/site-packages/flashinfer/data/cccl/libcudacxx/include/cuda/__cccl_config:15,
                 from /home/arnur/fp4-speech/.venv/lib/python3.12/site-packages/flashinfer/data/cccl/libcudacxx/include/cuda/std/__internal/atomic.h:13,
                 from /home/arnur/fp4-speech/.venv/lib/python3.12/site-packages/flashinfer/data/cccl/libcudacxx/include/cuda/std/detail/__config:14,
                 from /home/arnur/fp4-speech/.venv/lib/python3.12/site-packages/flashinfer/data/cccl/libcudacxx/include/cuda/std/utility:14,
                 from /home/arnur/fp4-speech/.venv/lib/python3.12/site-packages/flashinfer/data/cutlass/include/cutlass/fast_math.h:42,
                 from /home/arnur/fp4-speech/.venv/lib/python3.12/site-packages/flashinfer/data/cutlass/include/cute/numeric/math.hpp:36,
                 from /home/arnur/fp4-speech/.venv/lib/python3.12/site-packages/flashinfer/data/cutlass/include/cute/numeric/integral_constant.hpp:33,
                 from /home/arnur/fp4-speech/.venv/lib/python3.12/site-packages/flashinfer/data/cutlass/include/cute/numeric/integer_sequence.hpp:35,
                 from /home/arnur/fp4-speech/.venv/lib/python3.12/site-packages/flashinfer/data/cutlass/include/cute/arch/util.hpp:34,
                 from /home/arnur/fp4-speech/.venv/lib/python3.12/site-packages/flashinfer/data/cutlass/include/cute/arch/copy.hpp:35,
                 from /home/arnur/fp4-speech/.venv/lib/python3.12/site-packages/flashinfer/data/cutlass/include/cutlass/epilogue/collective/collective_builder.hpp:33,
                 from /home/arnur/fp4-speech/.venv/lib/python3.12/site-packages/flashinfer/data/include/flashinfer/gemm/fp4_gemm_cutlass_template_sm120.h:27,
                 from /home/arnur/.cache/flashinfer/0.6.11.post2/120f/generated/gen_gemm_sm120_cutlass_fp4/fp4_gemm_cutlass_half_128_32_128.cu:18:
/home/arnur/fp4-speech/.venv/lib/python3.12/site-packages/flashinfer/data/cccl/libcudacxx/include/cuda/std/__cccl/cuda_toolkit.h:41:8: error: #error "CUDA compiler and CUDA toolkit headers are incompatible, please check your include paths"
   41 | #      error "CUDA compiler and CUDA toolkit headers are incompatible, please check your include paths"
      |        ^~~~~
[10/18]  /home/arnur/fp4-speech/.venv/lib/python3.12/site-packages/nvidia/cu13/bin/nvcc --generate-dependencies-with-compile -MF /home/arnur/.cache/flashinfer/0.6.11.post2/120f/cached_ops/fp4_gemm_cutlass_sm120/gen_gemm_sm120_cutlass_fp4_fp4_gemm_cutlass___nv_bfloat16_128_32_256.cuda.o.d -DPy_LIMITED_API=0x03090000 -D_GLIBCXX_USE_CXX11_ABI=1 -I/home/arnur/fp4-speech/.venv/lib/python3.12/site-packages/flashinfer/data/cccl/cub -I/home/arnur/fp4-speech/.venv/lib/python3.12/site-packages/flashinfer/data/cccl/libcudacxx/include -I/home/arnur/fp4-speech/.venv/lib/python3.12/site-packages/flashinfer/data/cccl/thrust -isystem /usr/include/python3.12 -isystem /home/arnur/fp4-speech/.venv/lib/python3.12/site-packages/nvidia/cu13/include -isystem /home/arnur/fp4-speech/.venv/lib/python3.12/site-packages/tvm_ffi/include -isystem /home/arnur/fp4-speech/.venv/lib/python3.12/site-packages/tvm_ffi/include -isystem /home/arnur/fp4-speech/.venv/lib/python3.12/site-packages/flashinfer/data/include -isystem /home/arnur/fp4-speech/.venv/lib/python3.12/site-packages/flashinfer/data/csrc -isystem /home/arnur/fp4-speech/.venv/lib/python3.12/site-packages/flashinfer/data/cutlass/include -isystem /home/arnur/fp4-speech/.venv/lib/python3.12/site-packages/flashinfer/data/cutlass/tools/util/include -isystem /home/arnur/fp4-speech/.venv/lib/python3.12/site-packages/flashinfer/data/spdlog/include --compiler-options=-fPIC --expt-relaxed-constexpr -static-global-template-stub=false -DFLASHINFER_ENABLE_FP8_E8M0 -DFLASHINFER_ENABLE_FP4_E2M1 -std=c++17 --threads=1 -use_fast_math -DFLASHINFER_ENABLE_F16 -DFLASHINFER_ENABLE_BF16 -DFLASHINFER_ENABLE_FP8_E4M3 -DFLASHINFER_ENABLE_FP8_E5M2 -DNDEBUG -O3 -gencode=arch=compute_120f,code=sm_120f -DFLASHINFER_ENABLE_FP8_E8M0 -DFLASHINFER_ENABLE_FP4_E2M1 -DENABLE_BF16 -DENABLE_FP4 -DCUTLASS_ENABLE_GDC_FOR_SM100=1 -c /home/arnur/.cache/flashinfer/0.6.11.post2/120f/generated/gen_gemm_sm120_cutlass_fp4/fp4_gemm_cutlass___nv_bfloat16_128_32_256.cu -o /home/arnur/.cache/flashinfer/0.6.11.post2/120f/cached_ops/fp4_gemm_cutlass_sm120/gen_gemm_sm120_cutlass_fp4_fp4_gemm_cutlass___nv_bfloat16_128_32_256.cuda.o 
FAILED: [code=1] /home/arnur/.cache/flashinfer/0.6.11.post2/120f/cached_ops/fp4_gemm_cutlass_sm120/gen_gemm_sm120_cutlass_fp4_fp4_gemm_cutlass___nv_bfloat16_128_32_256.cuda.o 
 /home/arnur/fp4-speech/.venv/lib/python3.12/site-packages/nvidia/cu13/bin/nvcc --generate-dependencies-with-compile -MF /home/arnur/.cache/flashinfer/0.6.11.post2/120f/cached_ops/fp4_gemm_cutlass_sm120/gen_gemm_sm120_cutlass_fp4_fp4_gemm_cutlass___nv_bfloat16_128_32_256.cuda.o.d -DPy_LIMITED_API=0x03090000 -D_GLIBCXX_USE_CXX11_ABI=1 -I/home/arnur/fp4-speech/.venv/lib/python3.12/site-packages/flashinfer/data/cccl/cub -I/home/arnur/fp4-speech/.venv/lib/python3.12/site-packages/flashinfer/data/cccl/libcudacxx/include -I/home/arnur/fp4-speech/.venv/lib/python3.12/site-packages/flashinfer/data/cccl/thrust -isystem /usr/include/python3.12 -isystem /home/arnur/fp4-speech/.venv/lib/python3.12/site-packages/nvidia/cu13/include -isystem /home/arnur/fp4-speech/.venv/lib/python3.12/site-packages/tvm_ffi/include -isystem /home/arnur/fp4-speech/.venv/lib/python3.12/site-packages/tvm_ffi/include -isystem /home/arnur/fp4-speech/.venv/lib/python3.12/site-packages/flashinfer/data/include -isystem /home/arnur/fp4-speech/.venv/lib/python3.12/site-packages/flashinfer/data/csrc -isystem /home/arnur/fp4-speech/.venv/lib/python3.12/site-packages/flashinfer/data/cutlass/include -isystem /home/arnur/fp4-speech/.venv/lib/python3.12/site-packages/flashinfer/data/cutlass/tools/util/include -isystem /home/arnur/fp4-speech/.venv/lib/python3.12/site-packages/flashinfer/data/spdlog/include --compiler-options=-fPIC --expt-relaxed-constexpr -static-global-template-stub=false -DFLASHINFER_ENABLE_FP8_E8M0 -DFLASHINFER_ENABLE_FP4_E2M1 -std=c++17 --threads=1 -use_fast_math -DFLASHINFER_ENABLE_F16 -DFLASHINFER_ENABLE_BF16 -DFLASHINFER_ENABLE_FP8_E4M3 -DFLASHINFER_ENABLE_FP8_E5M2 -DNDEBUG -O3 -gencode=arch=compute_120f,code=sm_120f -DFLASHINFER_ENABLE_FP8_E8M0 -DFLASHINFER_ENABLE_FP4_E2M1 -DENABLE_BF16 -DENABLE_FP4 -DCUTLASS_ENABLE_GDC_FOR_SM100=1 -c /home/arnur/.cache/flashinfer/0.6.11.post2/120f/generated/gen_gemm_sm120_cutlass_fp4/fp4_gemm_cutlass___nv_bfloat16_128_32_256.cu -o /home/arnur/.cache/flashinfer/0.6.11.post2/120f/cached_ops/fp4_gemm_cutlass_sm120/gen_gemm_sm120_cutlass_fp4_fp4_gemm_cutlass___nv_bfloat16_128_32_256.cuda.o 
In file included from /home/arnur/fp4-speech/.venv/lib/python3.12/site-packages/flashinfer/data/cccl/libcudacxx/include/cuda/std/__cccl/extended_data_types.h:26,
                 from /home/arnur/fp4-speech/.venv/lib/python3.12/site-packages/flashinfer/data/cccl/libcudacxx/include/cuda/std/__cccl/builtin.h:26,
                 from /home/arnur/fp4-speech/.venv/lib/python3.12/site-packages/flashinfer/data/cccl/libcudacxx/include/cuda/std/__cccl/dialect.h:25,
                 from /home/arnur/fp4-speech/.venv/lib/python3.12/site-packages/flashinfer/data/cccl/libcudacxx/include/cuda/std/__cccl/attributes.h:26,
                 from /home/arnur/fp4-speech/.venv/lib/python3.12/site-packages/flashinfer/data/cccl/libcudacxx/include/cuda/std/__cccl/assert.h:25,
                 from /home/arnur/fp4-speech/.venv/lib/python3.12/site-packages/flashinfer/data/cccl/libcudacxx/include/cuda/__cccl_config:15,
                 from /home/arnur/fp4-speech/.venv/lib/python3.12/site-packages/flashinfer/data/cccl/libcudacxx/include/cuda/std/__internal/atomic.h:13,
                 from /home/arnur/fp4-speech/.venv/lib/python3.12/site-packages/flashinfer/data/cccl/libcudacxx/include/cuda/std/detail/__config:14,
                 from /home/arnur/fp4-speech/.venv/lib/python3.12/site-packages/flashinfer/data/cccl/libcudacxx/include/cuda/std/utility:14,
                 from /home/arnur/fp4-speech/.venv/lib/python3.12/site-packages/flashinfer/data/cutlass/include/cutlass/fast_math.h:42,
                 from /home/arnur/fp4-speech/.venv/lib/python3.12/site-packages/flashinfer/data/cutlass/include/cute/numeric/math.hpp:36,
                 from /home/arnur/fp4-speech/.venv/lib/python3.12/site-packages/flashinfer/data/cutlass/include/cute/numeric/integral_constant.hpp:33,
                 from /home/arnur/fp4-speech/.venv/lib/python3.12/site-packages/flashinfer/data/cutlass/include/cute/numeric/integer_sequence.hpp:35,
                 from /home/arnur/fp4-speech/.venv/lib/python3.12/site-packages/flashinfer/data/cutlass/include/cute/arch/util.hpp:34,
                 from /home/arnur/fp4-speech/.venv/lib/python3.12/site-packages/flashinfer/data/cutlass/include/cute/arch/copy.hpp:35,
                 from /home/arnur/fp4-speech/.venv/lib/python3.12/site-packages/flashinfer/data/cutlass/include/cutlass/epilogue/collective/collective_builder.hpp:33,
                 from /home/arnur/fp4-speech/.venv/lib/python3.12/site-packages/flashinfer/data/include/flashinfer/gemm/fp4_gemm_cutlass_template_sm120.h:27,
                 from /home/arnur/.cache/flashinfer/0.6.11.post2/120f/generated/gen_gemm_sm120_cutlass_fp4/fp4_gemm_cutlass___nv_bfloat16_128_32_256.cu:18:
/home/arnur/fp4-speech/.venv/lib/python3.12/site-packages/flashinfer/data/cccl/libcudacxx/include/cuda/std/__cccl/cuda_toolkit.h:41:8: error: #error "CUDA compiler and CUDA toolkit headers are incompatible, please check your include paths"
   41 | #      error "CUDA compiler and CUDA toolkit headers are incompatible, please check your include paths"
      |        ^~~~~
[11/18]  /home/arnur/fp4-speech/.venv/lib/python3.12/site-packages/nvidia/cu13/bin/nvcc --generate-dependencies-with-compile -MF /home/arnur/.cache/flashinfer/0.6.11.post2/120f/cached_ops/fp4_gemm_cutlass_sm120/gen_gemm_sm120_cutlass_fp4_fp4_gemm_cutlass_half_128_256_128.cuda.o.d -DPy_LIMITED_API=0x03090000 -D_GLIBCXX_USE_CXX11_ABI=1 -I/home/arnur/fp4-speech/.venv/lib/python3.12/site-packages/flashinfer/data/cccl/cub -I/home/arnur/fp4-speech/.venv/lib/python3.12/site-packages/flashinfer/data/cccl/libcudacxx/include -I/home/arnur/fp4-speech/.venv/lib/python3.12/site-packages/flashinfer/data/cccl/thrust -isystem /usr/include/python3.12 -isystem /home/arnur/fp4-speech/.venv/lib/python3.12/site-packages/nvidia/cu13/include -isystem /home/arnur/fp4-speech/.venv/lib/python3.12/site-packages/tvm_ffi/include -isystem /home/arnur/fp4-speech/.venv/lib/python3.12/site-packages/tvm_ffi/include -isystem /home/arnur/fp4-speech/.venv/lib/python3.12/site-packages/flashinfer/data/include -isystem /home/arnur/fp4-speech/.venv/lib/python3.12/site-packages/flashinfer/data/csrc -isystem /home/arnur/fp4-speech/.venv/lib/python3.12/site-packages/flashinfer/data/cutlass/include -isystem /home/arnur/fp4-speech/.venv/lib/python3.12/site-packages/flashinfer/data/cutlass/tools/util/include -isystem /home/arnur/fp4-speech/.venv/lib/python3.12/site-packages/flashinfer/data/spdlog/include --compiler-options=-fPIC --expt-relaxed-constexpr -static-global-template-stub=false -DFLASHINFER_ENABLE_FP8_E8M0 -DFLASHINFER_ENABLE_FP4_E2M1 -std=c++17 --threads=1 -use_fast_math -DFLASHINFER_ENABLE_F16 -DFLASHINFER_ENABLE_BF16 -DFLASHINFER_ENABLE_FP8_E4M3 -DFLASHINFER_ENABLE_FP8_E5M2 -DNDEBUG -O3 -gencode=arch=compute_120f,code=sm_120f -DFLASHINFER_ENABLE_FP8_E8M0 -DFLASHINFER_ENABLE_FP4_E2M1 -DENABLE_BF16 -DENABLE_FP4 -DCUTLASS_ENABLE_GDC_FOR_SM100=1 -c /home/arnur/.cache/flashinfer/0.6.11.post2/120f/generated/gen_gemm_sm120_cutlass_fp4/fp4_gemm_cutlass_half_128_256_128.cu -o /home/arnur/.cache/flashinfer/0.6.11.post2/120f/cached_ops/fp4_gemm_cutlass_sm120/gen_gemm_sm120_cutlass_fp4_fp4_gemm_cutlass_half_128_256_128.cuda.o 
FAILED: [code=1] /home/arnur/.cache/flashinfer/0.6.11.post2/120f/cached_ops/fp4_gemm_cutlass_sm120/gen_gemm_sm120_cutlass_fp4_fp4_gemm_cutlass_half_128_256_128.cuda.o 
 /home/arnur/fp4-speech/.venv/lib/python3.12/site-packages/nvidia/cu13/bin/nvcc --generate-dependencies-with-compile -MF /home/arnur/.cache/flashinfer/0.6.11.post2/120f/cached_ops/fp4_gemm_cutlass_sm120/gen_gemm_sm120_cutlass_fp4_fp4_gemm_cutlass_half_128_256_128.cuda.o.d -DPy_LIMITED_API=0x03090000 -D_GLIBCXX_USE_CXX11_ABI=1 -I/home/arnur/fp4-speech/.venv/lib/python3.12/site-packages/flashinfer/data/cccl/cub -I/home/arnur/fp4-speech/.venv/lib/python3.12/site-packages/flashinfer/data/cccl/libcudacxx/include -I/home/arnur/fp4-speech/.venv/lib/python3.12/site-packages/flashinfer/data/cccl/thrust -isystem /usr/include/python3.12 -isystem /home/arnur/fp4-speech/.venv/lib/python3.12/site-packages/nvidia/cu13/include -isystem /home/arnur/fp4-speech/.venv/lib/python3.12/site-packages/tvm_ffi/include -isystem /home/arnur/fp4-speech/.venv/lib/python3.12/site-packages/tvm_ffi/include -isystem /home/arnur/fp4-speech/.venv/lib/python3.12/site-packages/flashinfer/data/include -isystem /home/arnur/fp4-speech/.venv/lib/python3.12/site-packages/flashinfer/data/csrc -isystem /home/arnur/fp4-speech/.venv/lib/python3.12/site-packages/flashinfer/data/cutlass/include -isystem /home/arnur/fp4-speech/.venv/lib/python3.12/site-packages/flashinfer/data/cutlass/tools/util/include -isystem /home/arnur/fp4-speech/.venv/lib/python3.12/site-packages/flashinfer/data/spdlog/include --compiler-options=-fPIC --expt-relaxed-constexpr -static-global-template-stub=false -DFLASHINFER_ENABLE_FP8_E8M0 -DFLASHINFER_ENABLE_FP4_E2M1 -std=c++17 --threads=1 -use_fast_math -DFLASHINFER_ENABLE_F16 -DFLASHINFER_ENABLE_BF16 -DFLASHINFER_ENABLE_FP8_E4M3 -DFLASHINFER_ENABLE_FP8_E5M2 -DNDEBUG -O3 -gencode=arch=compute_120f,code=sm_120f -DFLASHINFER_ENABLE_FP8_E8M0 -DFLASHINFER_ENABLE_FP4_E2M1 -DENABLE_BF16 -DENABLE_FP4 -DCUTLASS_ENABLE_GDC_FOR_SM100=1 -c /home/arnur/.cache/flashinfer/0.6.11.post2/120f/generated/gen_gemm_sm120_cutlass_fp4/fp4_gemm_cutlass_half_128_256_128.cu -o /home/arnur/.cache/flashinfer/0.6.11.post2/120f/cached_ops/fp4_gemm_cutlass_sm120/gen_gemm_sm120_cutlass_fp4_fp4_gemm_cutlass_half_128_256_128.cuda.o 
In file included from /home/arnur/fp4-speech/.venv/lib/python3.12/site-packages/flashinfer/data/cccl/libcudacxx/include/cuda/std/__cccl/extended_data_types.h:26,
                 from /home/arnur/fp4-speech/.venv/lib/python3.12/site-packages/flashinfer/data/cccl/libcudacxx/include/cuda/std/__cccl/builtin.h:26,
                 from /home/arnur/fp4-speech/.venv/lib/python3.12/site-packages/flashinfer/data/cccl/libcudacxx/include/cuda/std/__cccl/dialect.h:25,
                 from /home/arnur/fp4-speech/.venv/lib/python3.12/site-packages/flashinfer/data/cccl/libcudacxx/include/cuda/std/__cccl/attributes.h:26,
                 from /home/arnur/fp4-speech/.venv/lib/python3.12/site-packages/flashinfer/data/cccl/libcudacxx/include/cuda/std/__cccl/assert.h:25,
                 from /home/arnur/fp4-speech/.venv/lib/python3.12/site-packages/flashinfer/data/cccl/libcudacxx/include/cuda/__cccl_config:15,
                 from /home/arnur/fp4-speech/.venv/lib/python3.12/site-packages/flashinfer/data/cccl/libcudacxx/include/cuda/std/__internal/atomic.h:13,
                 from /home/arnur/fp4-speech/.venv/lib/python3.12/site-packages/flashinfer/data/cccl/libcudacxx/include/cuda/std/detail/__config:14,
                 from /home/arnur/fp4-speech/.venv/lib/python3.12/site-packages/flashinfer/data/cccl/libcudacxx/include/cuda/std/utility:14,
                 from /home/arnur/fp4-speech/.venv/lib/python3.12/site-packages/flashinfer/data/cutlass/include/cutlass/fast_math.h:42,
                 from /home/arnur/fp4-speech/.venv/lib/python3.12/site-packages/flashinfer/data/cutlass/include/cute/numeric/math.hpp:36,
                 from /home/arnur/fp4-speech/.venv/lib/python3.12/site-packages/flashinfer/data/cutlass/include/cute/numeric/integral_constant.hpp:33,
                 from /home/arnur/fp4-speech/.venv/lib/python3.12/site-packages/flashinfer/data/cutlass/include/cute/numeric/integer_sequence.hpp:35,
                 from /home/arnur/fp4-speech/.venv/lib/python3.12/site-packages/flashinfer/data/cutlass/include/cute/arch/util.hpp:34,
                 from /home/arnur/fp4-speech/.venv/lib/python3.12/site-packages/flashinfer/data/cutlass/include/cute/arch/copy.hpp:35,
                 from /home/arnur/fp4-speech/.venv/lib/python3.12/site-packages/flashinfer/data/cutlass/include/cutlass/epilogue/collective/collective_builder.hpp:33,
                 from /home/arnur/fp4-speech/.venv/lib/python3.12/site-packages/flashinfer/data/include/flashinfer/gemm/fp4_gemm_cutlass_template_sm120.h:27,
                 from /home/arnur/.cache/flashinfer/0.6.11.post2/120f/generated/gen_gemm_sm120_cutlass_fp4/fp4_gemm_cutlass_half_128_256_128.cu:18:
/home/arnur/fp4-speech/.venv/lib/python3.12/site-packages/flashinfer/data/cccl/libcudacxx/include/cuda/std/__cccl/cuda_toolkit.h:41:8: error: #error "CUDA compiler and CUDA toolkit headers are incompatible, please check your include paths"
   41 | #      error "CUDA compiler and CUDA toolkit headers are incompatible, please check your include paths"
      |        ^~~~~
[12/18]  /home/arnur/fp4-speech/.venv/lib/python3.12/site-packages/nvidia/cu13/bin/nvcc --generate-dependencies-with-compile -MF /home/arnur/.cache/flashinfer/0.6.11.post2/120f/cached_ops/fp4_gemm_cutlass_sm120/gen_gemm_sm120_cutlass_fp4_fp4_gemm_cutlass_half_128_32_256.cuda.o.d -DPy_LIMITED_API=0x03090000 -D_GLIBCXX_USE_CXX11_ABI=1 -I/home/arnur/fp4-speech/.venv/lib/python3.12/site-packages/flashinfer/data/cccl/cub -I/home/arnur/fp4-speech/.venv/lib/python3.12/site-packages/flashinfer/data/cccl/libcudacxx/include -I/home/arnur/fp4-speech/.venv/lib/python3.12/site-packages/flashinfer/data/cccl/thrust -isystem /usr/include/python3.12 -isystem /home/arnur/fp4-speech/.venv/lib/python3.12/site-packages/nvidia/cu13/include -isystem /home/arnur/fp4-speech/.venv/lib/python3.12/site-packages/tvm_ffi/include -isystem /home/arnur/fp4-speech/.venv/lib/python3.12/site-packages/tvm_ffi/include -isystem /home/arnur/fp4-speech/.venv/lib/python3.12/site-packages/flashinfer/data/include -isystem /home/arnur/fp4-speech/.venv/lib/python3.12/site-packages/flashinfer/data/csrc -isystem /home/arnur/fp4-speech/.venv/lib/python3.12/site-packages/flashinfer/data/cutlass/include -isystem /home/arnur/fp4-speech/.venv/lib/python3.12/site-packages/flashinfer/data/cutlass/tools/util/include -isystem /home/arnur/fp4-speech/.venv/lib/python3.12/site-packages/flashinfer/data/spdlog/include --compiler-options=-fPIC --expt-relaxed-constexpr -static-global-template-stub=false -DFLASHINFER_ENABLE_FP8_E8M0 -DFLASHINFER_ENABLE_FP4_E2M1 -std=c++17 --threads=1 -use_fast_math -DFLASHINFER_ENABLE_F16 -DFLASHINFER_ENABLE_BF16 -DFLASHINFER_ENABLE_FP8_E4M3 -DFLASHINFER_ENABLE_FP8_E5M2 -DNDEBUG -O3 -gencode=arch=compute_120f,code=sm_120f -DFLASHINFER_ENABLE_FP8_E8M0 -DFLASHINFER_ENABLE_FP4_E2M1 -DENABLE_BF16 -DENABLE_FP4 -DCUTLASS_ENABLE_GDC_FOR_SM100=1 -c /home/arnur/.cache/flashinfer/0.6.11.post2/120f/generated/gen_gemm_sm120_cutlass_fp4/fp4_gemm_cutlass_half_128_32_256.cu -o /home/arnur/.cache/flashinfer/0.6.11.post2/120f/cached_ops/fp4_gemm_cutlass_sm120/gen_gemm_sm120_cutlass_fp4_fp4_gemm_cutlass_half_128_32_256.cuda.o 
FAILED: [code=1] /home/arnur/.cache/flashinfer/0.6.11.post2/120f/cached_ops/fp4_gemm_cutlass_sm120/gen_gemm_sm120_cutlass_fp4_fp4_gemm_cutlass_half_128_32_256.cuda.o 
 /home/arnur/fp4-speech/.venv/lib/python3.12/site-packages/nvidia/cu13/bin/nvcc --generate-dependencies-with-compile -MF /home/arnur/.cache/flashinfer/0.6.11.post2/120f/cached_ops/fp4_gemm_cutlass_sm120/gen_gemm_sm120_cutlass_fp4_fp4_gemm_cutlass_half_128_32_256.cuda.o.d -DPy_LIMITED_API=0x03090000 -D_GLIBCXX_USE_CXX11_ABI=1 -I/home/arnur/fp4-speech/.venv/lib/python3.12/site-packages/flashinfer/data/cccl/cub -I/home/arnur/fp4-speech/.venv/lib/python3.12/site-packages/flashinfer/data/cccl/libcudacxx/include -I/home/arnur/fp4-speech/.venv/lib/python3.12/site-packages/flashinfer/data/cccl/thrust -isystem /usr/include/python3.12 -isystem /home/arnur/fp4-speech/.venv/lib/python3.12/site-packages/nvidia/cu13/include -isystem /home/arnur/fp4-speech/.venv/lib/python3.12/site-packages/tvm_ffi/include -isystem /home/arnur/fp4-speech/.venv/lib/python3.12/site-packages/tvm_ffi/include -isystem /home/arnur/fp4-speech/.venv/lib/python3.12/site-packages/flashinfer/data/include -isystem /home/arnur/fp4-speech/.venv/lib/python3.12/site-packages/flashinfer/data/csrc -isystem /home/arnur/fp4-speech/.venv/lib/python3.12/site-packages/flashinfer/data/cutlass/include -isystem /home/arnur/fp4-speech/.venv/lib/python3.12/site-packages/flashinfer/data/cutlass/tools/util/include -isystem /home/arnur/fp4-speech/.venv/lib/python3.12/site-packages/flashinfer/data/spdlog/include --compiler-options=-fPIC --expt-relaxed-constexpr -static-global-template-stub=false -DFLASHINFER_ENABLE_FP8_E8M0 -DFLASHINFER_ENABLE_FP4_E2M1 -std=c++17 --threads=1 -use_fast_math -DFLASHINFER_ENABLE_F16 -DFLASHINFER_ENABLE_BF16 -DFLASHINFER_ENABLE_FP8_E4M3 -DFLASHINFER_ENABLE_FP8_E5M2 -DNDEBUG -O3 -gencode=arch=compute_120f,code=sm_120f -DFLASHINFER_ENABLE_FP8_E8M0 -DFLASHINFER_ENABLE_FP4_E2M1 -DENABLE_BF16 -DENABLE_FP4 -DCUTLASS_ENABLE_GDC_FOR_SM100=1 -c /home/arnur/.cache/flashinfer/0.6.11.post2/120f/generated/gen_gemm_sm120_cutlass_fp4/fp4_gemm_cutlass_half_128_32_256.cu -o /home/arnur/.cache/flashinfer/0.6.11.post2/120f/cached_ops/fp4_gemm_cutlass_sm120/gen_gemm_sm120_cutlass_fp4_fp4_gemm_cutlass_half_128_32_256.cuda.o 
In file included from /home/arnur/fp4-speech/.venv/lib/python3.12/site-packages/flashinfer/data/cccl/libcudacxx/include/cuda/std/__cccl/extended_data_types.h:26,
                 from /home/arnur/fp4-speech/.venv/lib/python3.12/site-packages/flashinfer/data/cccl/libcudacxx/include/cuda/std/__cccl/builtin.h:26,
                 from /home/arnur/fp4-speech/.venv/lib/python3.12/site-packages/flashinfer/data/cccl/libcudacxx/include/cuda/std/__cccl/dialect.h:25,
                 from /home/arnur/fp4-speech/.venv/lib/python3.12/site-packages/flashinfer/data/cccl/libcudacxx/include/cuda/std/__cccl/attributes.h:26,
                 from /home/arnur/fp4-speech/.venv/lib/python3.12/site-packages/flashinfer/data/cccl/libcudacxx/include/cuda/std/__cccl/assert.h:25,
                 from /home/arnur/fp4-speech/.venv/lib/python3.12/site-packages/flashinfer/data/cccl/libcudacxx/include/cuda/__cccl_config:15,
                 from /home/arnur/fp4-speech/.venv/lib/python3.12/site-packages/flashinfer/data/cccl/libcudacxx/include/cuda/std/__internal/atomic.h:13,
                 from /home/arnur/fp4-speech/.venv/lib/python3.12/site-packages/flashinfer/data/cccl/libcudacxx/include/cuda/std/detail/__config:14,
                 from /home/arnur/fp4-speech/.venv/lib/python3.12/site-packages/flashinfer/data/cccl/libcudacxx/include/cuda/std/utility:14,
                 from /home/arnur/fp4-speech/.venv/lib/python3.12/site-packages/flashinfer/data/cutlass/include/cutlass/fast_math.h:42,
                 from /home/arnur/fp4-speech/.venv/lib/python3.12/site-packages/flashinfer/data/cutlass/include/cute/numeric/math.hpp:36,
                 from /home/arnur/fp4-speech/.venv/lib/python3.12/site-packages/flashinfer/data/cutlass/include/cute/numeric/integral_constant.hpp:33,
                 from /home/arnur/fp4-speech/.venv/lib/python3.12/site-packages/flashinfer/data/cutlass/include/cute/numeric/integer_sequence.hpp:35,
                 from /home/arnur/fp4-speech/.venv/lib/python3.12/site-packages/flashinfer/data/cutlass/include/cute/arch/util.hpp:34,
                 from /home/arnur/fp4-speech/.venv/lib/python3.12/site-packages/flashinfer/data/cutlass/include/cute/arch/copy.hpp:35,
                 from /home/arnur/fp4-speech/.venv/lib/python3.12/site-packages/flashinfer/data/cutlass/include/cutlass/epilogue/collective/collective_builder.hpp:33,
                 from /home/arnur/fp4-speech/.venv/lib/python3.12/site-packages/flashinfer/data/include/flashinfer/gemm/fp4_gemm_cutlass_template_sm120.h:27,
                 from /home/arnur/.cache/flashinfer/0.6.11.post2/120f/generated/gen_gemm_sm120_cutlass_fp4/fp4_gemm_cutlass_half_128_32_256.cu:18:
/home/arnur/fp4-speech/.venv/lib/python3.12/site-packages/flashinfer/data/cccl/libcudacxx/include/cuda/std/__cccl/cuda_toolkit.h:41:8: error: #error "CUDA compiler and CUDA toolkit headers are incompatible, please check your include paths"
   41 | #      error "CUDA compiler and CUDA toolkit headers are incompatible, please check your include paths"
      |        ^~~~~
[13/18]  /home/arnur/fp4-speech/.venv/lib/python3.12/site-packages/nvidia/cu13/bin/nvcc --generate-dependencies-with-compile -MF /home/arnur/.cache/flashinfer/0.6.11.post2/120f/cached_ops/fp4_gemm_cutlass_sm120/gen_gemm_sm120_cutlass_fp4_fp4_gemm_cutlass___nv_bfloat16_256_128_128.cuda.o.d -DPy_LIMITED_API=0x03090000 -D_GLIBCXX_USE_CXX11_ABI=1 -I/home/arnur/fp4-speech/.venv/lib/python3.12/site-packages/flashinfer/data/cccl/cub -I/home/arnur/fp4-speech/.venv/lib/python3.12/site-packages/flashinfer/data/cccl/libcudacxx/include -I/home/arnur/fp4-speech/.venv/lib/python3.12/site-packages/flashinfer/data/cccl/thrust -isystem /usr/include/python3.12 -isystem /home/arnur/fp4-speech/.venv/lib/python3.12/site-packages/nvidia/cu13/include -isystem /home/arnur/fp4-speech/.venv/lib/python3.12/site-packages/tvm_ffi/include -isystem /home/arnur/fp4-speech/.venv/lib/python3.12/site-packages/tvm_ffi/include -isystem /home/arnur/fp4-speech/.venv/lib/python3.12/site-packages/flashinfer/data/include -isystem /home/arnur/fp4-speech/.venv/lib/python3.12/site-packages/flashinfer/data/csrc -isystem /home/arnur/fp4-speech/.venv/lib/python3.12/site-packages/flashinfer/data/cutlass/include -isystem /home/arnur/fp4-speech/.venv/lib/python3.12/site-packages/flashinfer/data/cutlass/tools/util/include -isystem /home/arnur/fp4-speech/.venv/lib/python3.12/site-packages/flashinfer/data/spdlog/include --compiler-options=-fPIC --expt-relaxed-constexpr -static-global-template-stub=false -DFLASHINFER_ENABLE_FP8_E8M0 -DFLASHINFER_ENABLE_FP4_E2M1 -std=c++17 --threads=1 -use_fast_math -DFLASHINFER_ENABLE_F16 -DFLASHINFER_ENABLE_BF16 -DFLASHINFER_ENABLE_FP8_E4M3 -DFLASHINFER_ENABLE_FP8_E5M2 -DNDEBUG -O3 -gencode=arch=compute_120f,code=sm_120f -DFLASHINFER_ENABLE_FP8_E8M0 -DFLASHINFER_ENABLE_FP4_E2M1 -DENABLE_BF16 -DENABLE_FP4 -DCUTLASS_ENABLE_GDC_FOR_SM100=1 -c /home/arnur/.cache/flashinfer/0.6.11.post2/120f/generated/gen_gemm_sm120_cutlass_fp4/fp4_gemm_cutlass___nv_bfloat16_256_128_128.cu -o /home/arnur/.cache/flashinfer/0.6.11.post2/120f/cached_ops/fp4_gemm_cutlass_sm120/gen_gemm_sm120_cutlass_fp4_fp4_gemm_cutlass___nv_bfloat16_256_128_128.cuda.o 
FAILED: [code=1] /home/arnur/.cache/flashinfer/0.6.11.post2/120f/cached_ops/fp4_gemm_cutlass_sm120/gen_gemm_sm120_cutlass_fp4_fp4_gemm_cutlass___nv_bfloat16_256_128_128.cuda.o 
 /home/arnur/fp4-speech/.venv/lib/python3.12/site-packages/nvidia/cu13/bin/nvcc --generate-dependencies-with-compile -MF /home/arnur/.cache/flashinfer/0.6.11.post2/120f/cached_ops/fp4_gemm_cutlass_sm120/gen_gemm_sm120_cutlass_fp4_fp4_gemm_cutlass___nv_bfloat16_256_128_128.cuda.o.d -DPy_LIMITED_API=0x03090000 -D_GLIBCXX_USE_CXX11_ABI=1 -I/home/arnur/fp4-speech/.venv/lib/python3.12/site-packages/flashinfer/data/cccl/cub -I/home/arnur/fp4-speech/.venv/lib/python3.12/site-packages/flashinfer/data/cccl/libcudacxx/include -I/home/arnur/fp4-speech/.venv/lib/python3.12/site-packages/flashinfer/data/cccl/thrust -isystem /usr/include/python3.12 -isystem /home/arnur/fp4-speech/.venv/lib/python3.12/site-packages/nvidia/cu13/include -isystem /home/arnur/fp4-speech/.venv/lib/python3.12/site-packages/tvm_ffi/include -isystem /home/arnur/fp4-speech/.venv/lib/python3.12/site-packages/tvm_ffi/include -isystem /home/arnur/fp4-speech/.venv/lib/python3.12/site-packages/flashinfer/data/include -isystem /home/arnur/fp4-speech/.venv/lib/python3.12/site-packages/flashinfer/data/csrc -isystem /home/arnur/fp4-speech/.venv/lib/python3.12/site-packages/flashinfer/data/cutlass/include -isystem /home/arnur/fp4-speech/.venv/lib/python3.12/site-packages/flashinfer/data/cutlass/tools/util/include -isystem /home/arnur/fp4-speech/.venv/lib/python3.12/site-packages/flashinfer/data/spdlog/include --compiler-options=-fPIC --expt-relaxed-constexpr -static-global-template-stub=false -DFLASHINFER_ENABLE_FP8_E8M0 -DFLASHINFER_ENABLE_FP4_E2M1 -std=c++17 --threads=1 -use_fast_math -DFLASHINFER_ENABLE_F16 -DFLASHINFER_ENABLE_BF16 -DFLASHINFER_ENABLE_FP8_E4M3 -DFLASHINFER_ENABLE_FP8_E5M2 -DNDEBUG -O3 -gencode=arch=compute_120f,code=sm_120f -DFLASHINFER_ENABLE_FP8_E8M0 -DFLASHINFER_ENABLE_FP4_E2M1 -DENABLE_BF16 -DENABLE_FP4 -DCUTLASS_ENABLE_GDC_FOR_SM100=1 -c /home/arnur/.cache/flashinfer/0.6.11.post2/120f/generated/gen_gemm_sm120_cutlass_fp4/fp4_gemm_cutlass___nv_bfloat16_256_128_128.cu -o /home/arnur/.cache/flashinfer/0.6.11.post2/120f/cached_ops/fp4_gemm_cutlass_sm120/gen_gemm_sm120_cutlass_fp4_fp4_gemm_cutlass___nv_bfloat16_256_128_128.cuda.o 
In file included from /home/arnur/fp4-speech/.venv/lib/python3.12/site-packages/flashinfer/data/cccl/libcudacxx/include/cuda/std/__cccl/extended_data_types.h:26,
                 from /home/arnur/fp4-speech/.venv/lib/python3.12/site-packages/flashinfer/data/cccl/libcudacxx/include/cuda/std/__cccl/builtin.h:26,
                 from /home/arnur/fp4-speech/.venv/lib/python3.12/site-packages/flashinfer/data/cccl/libcudacxx/include/cuda/std/__cccl/dialect.h:25,
                 from /home/arnur/fp4-speech/.venv/lib/python3.12/site-packages/flashinfer/data/cccl/libcudacxx/include/cuda/std/__cccl/attributes.h:26,
                 from /home/arnur/fp4-speech/.venv/lib/python3.12/site-packages/flashinfer/data/cccl/libcudacxx/include/cuda/std/__cccl/assert.h:25,
                 from /home/arnur/fp4-speech/.venv/lib/python3.12/site-packages/flashinfer/data/cccl/libcudacxx/include/cuda/__cccl_config:15,
                 from /home/arnur/fp4-speech/.venv/lib/python3.12/site-packages/flashinfer/data/cccl/libcudacxx/include/cuda/std/__internal/atomic.h:13,
                 from /home/arnur/fp4-speech/.venv/lib/python3.12/site-packages/flashinfer/data/cccl/libcudacxx/include/cuda/std/detail/__config:14,
                 from /home/arnur/fp4-speech/.venv/lib/python3.12/site-packages/flashinfer/data/cccl/libcudacxx/include/cuda/std/utility:14,
                 from /home/arnur/fp4-speech/.venv/lib/python3.12/site-packages/flashinfer/data/cutlass/include/cutlass/fast_math.h:42,
                 from /home/arnur/fp4-speech/.venv/lib/python3.12/site-packages/flashinfer/data/cutlass/include/cute/numeric/math.hpp:36,
                 from /home/arnur/fp4-speech/.venv/lib/python3.12/site-packages/flashinfer/data/cutlass/include/cute/numeric/integral_constant.hpp:33,
                 from /home/arnur/fp4-speech/.venv/lib/python3.12/site-packages/flashinfer/data/cutlass/include/cute/numeric/integer_sequence.hpp:35,
                 from /home/arnur/fp4-speech/.venv/lib/python3.12/site-packages/flashinfer/data/cutlass/include/cute/arch/util.hpp:34,
                 from /home/arnur/fp4-speech/.venv/lib/python3.12/site-packages/flashinfer/data/cutlass/include/cute/arch/copy.hpp:35,
                 from /home/arnur/fp4-speech/.venv/lib/python3.12/site-packages/flashinfer/data/cutlass/include/cutlass/epilogue/collective/collective_builder.hpp:33,
                 from /home/arnur/fp4-speech/.venv/lib/python3.12/site-packages/flashinfer/data/include/flashinfer/gemm/fp4_gemm_cutlass_template_sm120.h:27,
                 from /home/arnur/.cache/flashinfer/0.6.11.post2/120f/generated/gen_gemm_sm120_cutlass_fp4/fp4_gemm_cutlass___nv_bfloat16_256_128_128.cu:18:
/home/arnur/fp4-speech/.venv/lib/python3.12/site-packages/flashinfer/data/cccl/libcudacxx/include/cuda/std/__cccl/cuda_toolkit.h:41:8: error: #error "CUDA compiler and CUDA toolkit headers are incompatible, please check your include paths"
   41 | #      error "CUDA compiler and CUDA toolkit headers are incompatible, please check your include paths"
      |        ^~~~~
[14/18]  /home/arnur/fp4-speech/.venv/lib/python3.12/site-packages/nvidia/cu13/bin/nvcc --generate-dependencies-with-compile -MF /home/arnur/.cache/flashinfer/0.6.11.post2/120f/cached_ops/fp4_gemm_cutlass_sm120/gen_gemm_sm120_cutlass_fp4_fp4_gemm_cutlass___nv_bfloat16_128_128_256.cuda.o.d -DPy_LIMITED_API=0x03090000 -D_GLIBCXX_USE_CXX11_ABI=1 -I/home/arnur/fp4-speech/.venv/lib/python3.12/site-packages/flashinfer/data/cccl/cub -I/home/arnur/fp4-speech/.venv/lib/python3.12/site-packages/flashinfer/data/cccl/libcudacxx/include -I/home/arnur/fp4-speech/.venv/lib/python3.12/site-packages/flashinfer/data/cccl/thrust -isystem /usr/include/python3.12 -isystem /home/arnur/fp4-speech/.venv/lib/python3.12/site-packages/nvidia/cu13/include -isystem /home/arnur/fp4-speech/.venv/lib/python3.12/site-packages/tvm_ffi/include -isystem /home/arnur/fp4-speech/.venv/lib/python3.12/site-packages/tvm_ffi/include -isystem /home/arnur/fp4-speech/.venv/lib/python3.12/site-packages/flashinfer/data/include -isystem /home/arnur/fp4-speech/.venv/lib/python3.12/site-packages/flashinfer/data/csrc -isystem /home/arnur/fp4-speech/.venv/lib/python3.12/site-packages/flashinfer/data/cutlass/include -isystem /home/arnur/fp4-speech/.venv/lib/python3.12/site-packages/flashinfer/data/cutlass/tools/util/include -isystem /home/arnur/fp4-speech/.venv/lib/python3.12/site-packages/flashinfer/data/spdlog/include --compiler-options=-fPIC --expt-relaxed-constexpr -static-global-template-stub=false -DFLASHINFER_ENABLE_FP8_E8M0 -DFLASHINFER_ENABLE_FP4_E2M1 -std=c++17 --threads=1 -use_fast_math -DFLASHINFER_ENABLE_F16 -DFLASHINFER_ENABLE_BF16 -DFLASHINFER_ENABLE_FP8_E4M3 -DFLASHINFER_ENABLE_FP8_E5M2 -DNDEBUG -O3 -gencode=arch=compute_120f,code=sm_120f -DFLASHINFER_ENABLE_FP8_E8M0 -DFLASHINFER_ENABLE_FP4_E2M1 -DENABLE_BF16 -DENABLE_FP4 -DCUTLASS_ENABLE_GDC_FOR_SM100=1 -c /home/arnur/.cache/flashinfer/0.6.11.post2/120f/generated/gen_gemm_sm120_cutlass_fp4/fp4_gemm_cutlass___nv_bfloat16_128_128_256.cu -o /home/arnur/.cache/flashinfer/0.6.11.post2/120f/cached_ops/fp4_gemm_cutlass_sm120/gen_gemm_sm120_cutlass_fp4_fp4_gemm_cutlass___nv_bfloat16_128_128_256.cuda.o 
FAILED: [code=1] /home/arnur/.cache/flashinfer/0.6.11.post2/120f/cached_ops/fp4_gemm_cutlass_sm120/gen_gemm_sm120_cutlass_fp4_fp4_gemm_cutlass___nv_bfloat16_128_128_256.cuda.o 
 /home/arnur/fp4-speech/.venv/lib/python3.12/site-packages/nvidia/cu13/bin/nvcc --generate-dependencies-with-compile -MF /home/arnur/.cache/flashinfer/0.6.11.post2/120f/cached_ops/fp4_gemm_cutlass_sm120/gen_gemm_sm120_cutlass_fp4_fp4_gemm_cutlass___nv_bfloat16_128_128_256.cuda.o.d -DPy_LIMITED_API=0x03090000 -D_GLIBCXX_USE_CXX11_ABI=1 -I/home/arnur/fp4-speech/.venv/lib/python3.12/site-packages/flashinfer/data/cccl/cub -I/home/arnur/fp4-speech/.venv/lib/python3.12/site-packages/flashinfer/data/cccl/libcudacxx/include -I/home/arnur/fp4-speech/.venv/lib/python3.12/site-packages/flashinfer/data/cccl/thrust -isystem /usr/include/python3.12 -isystem /home/arnur/fp4-speech/.venv/lib/python3.12/site-packages/nvidia/cu13/include -isystem /home/arnur/fp4-speech/.venv/lib/python3.12/site-packages/tvm_ffi/include -isystem /home/arnur/fp4-speech/.venv/lib/python3.12/site-packages/tvm_ffi/include -isystem /home/arnur/fp4-speech/.venv/lib/python3.12/site-packages/flashinfer/data/include -isystem /home/arnur/fp4-speech/.venv/lib/python3.12/site-packages/flashinfer/data/csrc -isystem /home/arnur/fp4-speech/.venv/lib/python3.12/site-packages/flashinfer/data/cutlass/include -isystem /home/arnur/fp4-speech/.venv/lib/python3.12/site-packages/flashinfer/data/cutlass/tools/util/include -isystem /home/arnur/fp4-speech/.venv/lib/python3.12/site-packages/flashinfer/data/spdlog/include --compiler-options=-fPIC --expt-relaxed-constexpr -static-global-template-stub=false -DFLASHINFER_ENABLE_FP8_E8M0 -DFLASHINFER_ENABLE_FP4_E2M1 -std=c++17 --threads=1 -use_fast_math -DFLASHINFER_ENABLE_F16 -DFLASHINFER_ENABLE_BF16 -DFLASHINFER_ENABLE_FP8_E4M3 -DFLASHINFER_ENABLE_FP8_E5M2 -DNDEBUG -O3 -gencode=arch=compute_120f,code=sm_120f -DFLASHINFER_ENABLE_FP8_E8M0 -DFLASHINFER_ENABLE_FP4_E2M1 -DENABLE_BF16 -DENABLE_FP4 -DCUTLASS_ENABLE_GDC_FOR_SM100=1 -c /home/arnur/.cache/flashinfer/0.6.11.post2/120f/generated/gen_gemm_sm120_cutlass_fp4/fp4_gemm_cutlass___nv_bfloat16_128_128_256.cu -o /home/arnur/.cache/flashinfer/0.6.11.post2/120f/cached_ops/fp4_gemm_cutlass_sm120/gen_gemm_sm120_cutlass_fp4_fp4_gemm_cutlass___nv_bfloat16_128_128_256.cuda.o 
In file included from /home/arnur/fp4-speech/.venv/lib/python3.12/site-packages/flashinfer/data/cccl/libcudacxx/include/cuda/std/__cccl/extended_data_types.h:26,
                 from /home/arnur/fp4-speech/.venv/lib/python3.12/site-packages/flashinfer/data/cccl/libcudacxx/include/cuda/std/__cccl/builtin.h:26,
                 from /home/arnur/fp4-speech/.venv/lib/python3.12/site-packages/flashinfer/data/cccl/libcudacxx/include/cuda/std/__cccl/dialect.h:25,
                 from /home/arnur/fp4-speech/.venv/lib/python3.12/site-packages/flashinfer/data/cccl/libcudacxx/include/cuda/std/__cccl/attributes.h:26,
                 from /home/arnur/fp4-speech/.venv/lib/python3.12/site-packages/flashinfer/data/cccl/libcudacxx/include/cuda/std/__cccl/assert.h:25,
                 from /home/arnur/fp4-speech/.venv/lib/python3.12/site-packages/flashinfer/data/cccl/libcudacxx/include/cuda/__cccl_config:15,
                 from /home/arnur/fp4-speech/.venv/lib/python3.12/site-packages/flashinfer/data/cccl/libcudacxx/include/cuda/std/__internal/atomic.h:13,
                 from /home/arnur/fp4-speech/.venv/lib/python3.12/site-packages/flashinfer/data/cccl/libcudacxx/include/cuda/std/detail/__config:14,
                 from /home/arnur/fp4-speech/.venv/lib/python3.12/site-packages/flashinfer/data/cccl/libcudacxx/include/cuda/std/utility:14,
                 from /home/arnur/fp4-speech/.venv/lib/python3.12/site-packages/flashinfer/data/cutlass/include/cutlass/fast_math.h:42,
                 from /home/arnur/fp4-speech/.venv/lib/python3.12/site-packages/flashinfer/data/cutlass/include/cute/numeric/math.hpp:36,
                 from /home/arnur/fp4-speech/.venv/lib/python3.12/site-packages/flashinfer/data/cutlass/include/cute/numeric/integral_constant.hpp:33,
                 from /home/arnur/fp4-speech/.venv/lib/python3.12/site-packages/flashinfer/data/cutlass/include/cute/numeric/integer_sequence.hpp:35,
                 from /home/arnur/fp4-speech/.venv/lib/python3.12/site-packages/flashinfer/data/cutlass/include/cute/arch/util.hpp:34,
                 from /home/arnur/fp4-speech/.venv/lib/python3.12/site-packages/flashinfer/data/cutlass/include/cute/arch/copy.hpp:35,
                 from /home/arnur/fp4-speech/.venv/lib/python3.12/site-packages/flashinfer/data/cutlass/include/cutlass/epilogue/collective/collective_builder.hpp:33,
                 from /home/arnur/fp4-speech/.venv/lib/python3.12/site-packages/flashinfer/data/include/flashinfer/gemm/fp4_gemm_cutlass_template_sm120.h:27,
                 from /home/arnur/.cache/flashinfer/0.6.11.post2/120f/generated/gen_gemm_sm120_cutlass_fp4/fp4_gemm_cutlass___nv_bfloat16_128_128_256.cu:18:
/home/arnur/fp4-speech/.venv/lib/python3.12/site-packages/flashinfer/data/cccl/libcudacxx/include/cuda/std/__cccl/cuda_toolkit.h:41:8: error: #error "CUDA compiler and CUDA toolkit headers are incompatible, please check your include paths"
   41 | #      error "CUDA compiler and CUDA toolkit headers are incompatible, please check your include paths"
      |        ^~~~~
[15/18]  /home/arnur/fp4-speech/.venv/lib/python3.12/site-packages/nvidia/cu13/bin/nvcc --generate-dependencies-with-compile -MF /home/arnur/.cache/flashinfer/0.6.11.post2/120f/cached_ops/fp4_gemm_cutlass_sm120/gen_gemm_sm120_cutlass_fp4_fp4_gemm_cutlass___nv_bfloat16_128_32_128.cuda.o.d -DPy_LIMITED_API=0x03090000 -D_GLIBCXX_USE_CXX11_ABI=1 -I/home/arnur/fp4-speech/.venv/lib/python3.12/site-packages/flashinfer/data/cccl/cub -I/home/arnur/fp4-speech/.venv/lib/python3.12/site-packages/flashinfer/data/cccl/libcudacxx/include -I/home/arnur/fp4-speech/.venv/lib/python3.12/site-packages/flashinfer/data/cccl/thrust -isystem /usr/include/python3.12 -isystem /home/arnur/fp4-speech/.venv/lib/python3.12/site-packages/nvidia/cu13/include -isystem /home/arnur/fp4-speech/.venv/lib/python3.12/site-packages/tvm_ffi/include -isystem /home/arnur/fp4-speech/.venv/lib/python3.12/site-packages/tvm_ffi/include -isystem /home/arnur/fp4-speech/.venv/lib/python3.12/site-packages/flashinfer/data/include -isystem /home/arnur/fp4-speech/.venv/lib/python3.12/site-packages/flashinfer/data/csrc -isystem /home/arnur/fp4-speech/.venv/lib/python3.12/site-packages/flashinfer/data/cutlass/include -isystem /home/arnur/fp4-speech/.venv/lib/python3.12/site-packages/flashinfer/data/cutlass/tools/util/include -isystem /home/arnur/fp4-speech/.venv/lib/python3.12/site-packages/flashinfer/data/spdlog/include --compiler-options=-fPIC --expt-relaxed-constexpr -static-global-template-stub=false -DFLASHINFER_ENABLE_FP8_E8M0 -DFLASHINFER_ENABLE_FP4_E2M1 -std=c++17 --threads=1 -use_fast_math -DFLASHINFER_ENABLE_F16 -DFLASHINFER_ENABLE_BF16 -DFLASHINFER_ENABLE_FP8_E4M3 -DFLASHINFER_ENABLE_FP8_E5M2 -DNDEBUG -O3 -gencode=arch=compute_120f,code=sm_120f -DFLASHINFER_ENABLE_FP8_E8M0 -DFLASHINFER_ENABLE_FP4_E2M1 -DENABLE_BF16 -DENABLE_FP4 -DCUTLASS_ENABLE_GDC_FOR_SM100=1 -c /home/arnur/.cache/flashinfer/0.6.11.post2/120f/generated/gen_gemm_sm120_cutlass_fp4/fp4_gemm_cutlass___nv_bfloat16_128_32_128.cu -o /home/arnur/.cache/flashinfer/0.6.11.post2/120f/cached_ops/fp4_gemm_cutlass_sm120/gen_gemm_sm120_cutlass_fp4_fp4_gemm_cutlass___nv_bfloat16_128_32_128.cuda.o 
FAILED: [code=1] /home/arnur/.cache/flashinfer/0.6.11.post2/120f/cached_ops/fp4_gemm_cutlass_sm120/gen_gemm_sm120_cutlass_fp4_fp4_gemm_cutlass___nv_bfloat16_128_32_128.cuda.o 
 /home/arnur/fp4-speech/.venv/lib/python3.12/site-packages/nvidia/cu13/bin/nvcc --generate-dependencies-with-compile -MF /home/arnur/.cache/flashinfer/0.6.11.post2/120f/cached_ops/fp4_gemm_cutlass_sm120/gen_gemm_sm120_cutlass_fp4_fp4_gemm_cutlass___nv_bfloat16_128_32_128.cuda.o.d -DPy_LIMITED_API=0x03090000 -D_GLIBCXX_USE_CXX11_ABI=1 -I/home/arnur/fp4-speech/.venv/lib/python3.12/site-packages/flashinfer/data/cccl/cub -I/home/arnur/fp4-speech/.venv/lib/python3.12/site-packages/flashinfer/data/cccl/libcudacxx/include -I/home/arnur/fp4-speech/.venv/lib/python3.12/site-packages/flashinfer/data/cccl/thrust -isystem /usr/include/python3.12 -isystem /home/arnur/fp4-speech/.venv/lib/python3.12/site-packages/nvidia/cu13/include -isystem /home/arnur/fp4-speech/.venv/lib/python3.12/site-packages/tvm_ffi/include -isystem /home/arnur/fp4-speech/.venv/lib/python3.12/site-packages/tvm_ffi/include -isystem /home/arnur/fp4-speech/.venv/lib/python3.12/site-packages/flashinfer/data/include -isystem /home/arnur/fp4-speech/.venv/lib/python3.12/site-packages/flashinfer/data/csrc -isystem /home/arnur/fp4-speech/.venv/lib/python3.12/site-packages/flashinfer/data/cutlass/include -isystem /home/arnur/fp4-speech/.venv/lib/python3.12/site-packages/flashinfer/data/cutlass/tools/util/include -isystem /home/arnur/fp4-speech/.venv/lib/python3.12/site-packages/flashinfer/data/spdlog/include --compiler-options=-fPIC --expt-relaxed-constexpr -static-global-template-stub=false -DFLASHINFER_ENABLE_FP8_E8M0 -DFLASHINFER_ENABLE_FP4_E2M1 -std=c++17 --threads=1 -use_fast_math -DFLASHINFER_ENABLE_F16 -DFLASHINFER_ENABLE_BF16 -DFLASHINFER_ENABLE_FP8_E4M3 -DFLASHINFER_ENABLE_FP8_E5M2 -DNDEBUG -O3 -gencode=arch=compute_120f,code=sm_120f -DFLASHINFER_ENABLE_FP8_E8M0 -DFLASHINFER_ENABLE_FP4_E2M1 -DENABLE_BF16 -DENABLE_FP4 -DCUTLASS_ENABLE_GDC_FOR_SM100=1 -c /home/arnur/.cache/flashinfer/0.6.11.post2/120f/generated/gen_gemm_sm120_cutlass_fp4/fp4_gemm_cutlass___nv_bfloat16_128_32_128.cu -o /home/arnur/.cache/flashinfer/0.6.11.post2/120f/cached_ops/fp4_gemm_cutlass_sm120/gen_gemm_sm120_cutlass_fp4_fp4_gemm_cutlass___nv_bfloat16_128_32_128.cuda.o 
In file included from /home/arnur/fp4-speech/.venv/lib/python3.12/site-packages/flashinfer/data/cccl/libcudacxx/include/cuda/std/__cccl/extended_data_types.h:26,
                 from /home/arnur/fp4-speech/.venv/lib/python3.12/site-packages/flashinfer/data/cccl/libcudacxx/include/cuda/std/__cccl/builtin.h:26,
                 from /home/arnur/fp4-speech/.venv/lib/python3.12/site-packages/flashinfer/data/cccl/libcudacxx/include/cuda/std/__cccl/dialect.h:25,
                 from /home/arnur/fp4-speech/.venv/lib/python3.12/site-packages/flashinfer/data/cccl/libcudacxx/include/cuda/std/__cccl/attributes.h:26,
                 from /home/arnur/fp4-speech/.venv/lib/python3.12/site-packages/flashinfer/data/cccl/libcudacxx/include/cuda/std/__cccl/assert.h:25,
                 from /home/arnur/fp4-speech/.venv/lib/python3.12/site-packages/flashinfer/data/cccl/libcudacxx/include/cuda/__cccl_config:15,
                 from /home/arnur/fp4-speech/.venv/lib/python3.12/site-packages/flashinfer/data/cccl/libcudacxx/include/cuda/std/__internal/atomic.h:13,
                 from /home/arnur/fp4-speech/.venv/lib/python3.12/site-packages/flashinfer/data/cccl/libcudacxx/include/cuda/std/detail/__config:14,
                 from /home/arnur/fp4-speech/.venv/lib/python3.12/site-packages/flashinfer/data/cccl/libcudacxx/include/cuda/std/utility:14,
                 from /home/arnur/fp4-speech/.venv/lib/python3.12/site-packages/flashinfer/data/cutlass/include/cutlass/fast_math.h:42,
                 from /home/arnur/fp4-speech/.venv/lib/python3.12/site-packages/flashinfer/data/cutlass/include/cute/numeric/math.hpp:36,
                 from /home/arnur/fp4-speech/.venv/lib/python3.12/site-packages/flashinfer/data/cutlass/include/cute/numeric/integral_constant.hpp:33,
                 from /home/arnur/fp4-speech/.venv/lib/python3.12/site-packages/flashinfer/data/cutlass/include/cute/numeric/integer_sequence.hpp:35,
                 from /home/arnur/fp4-speech/.venv/lib/python3.12/site-packages/flashinfer/data/cutlass/include/cute/arch/util.hpp:34,
                 from /home/arnur/fp4-speech/.venv/lib/python3.12/site-packages/flashinfer/data/cutlass/include/cute/arch/copy.hpp:35,
                 from /home/arnur/fp4-speech/.venv/lib/python3.12/site-packages/flashinfer/data/cutlass/include/cutlass/epilogue/collective/collective_builder.hpp:33,
                 from /home/arnur/fp4-speech/.venv/lib/python3.12/site-packages/flashinfer/data/include/flashinfer/gemm/fp4_gemm_cutlass_template_sm120.h:27,
                 from /home/arnur/.cache/flashinfer/0.6.11.post2/120f/generated/gen_gemm_sm120_cutlass_fp4/fp4_gemm_cutlass___nv_bfloat16_128_32_128.cu:18:
/home/arnur/fp4-speech/.venv/lib/python3.12/site-packages/flashinfer/data/cccl/libcudacxx/include/cuda/std/__cccl/cuda_toolkit.h:41:8: error: #error "CUDA compiler and CUDA toolkit headers are incompatible, please check your include paths"
   41 | #      error "CUDA compiler and CUDA toolkit headers are incompatible, please check your include paths"
      |        ^~~~~
[16/18]  /home/arnur/fp4-speech/.venv/lib/python3.12/site-packages/nvidia/cu13/bin/nvcc --generate-dependencies-with-compile -MF /home/arnur/.cache/flashinfer/0.6.11.post2/120f/cached_ops/fp4_gemm_cutlass_sm120/gen_gemm_sm120_cutlass_fp4_fp4_gemm_cutlass_half_128_64_256.cuda.o.d -DPy_LIMITED_API=0x03090000 -D_GLIBCXX_USE_CXX11_ABI=1 -I/home/arnur/fp4-speech/.venv/lib/python3.12/site-packages/flashinfer/data/cccl/cub -I/home/arnur/fp4-speech/.venv/lib/python3.12/site-packages/flashinfer/data/cccl/libcudacxx/include -I/home/arnur/fp4-speech/.venv/lib/python3.12/site-packages/flashinfer/data/cccl/thrust -isystem /usr/include/python3.12 -isystem /home/arnur/fp4-speech/.venv/lib/python3.12/site-packages/nvidia/cu13/include -isystem /home/arnur/fp4-speech/.venv/lib/python3.12/site-packages/tvm_ffi/include -isystem /home/arnur/fp4-speech/.venv/lib/python3.12/site-packages/tvm_ffi/include -isystem /home/arnur/fp4-speech/.venv/lib/python3.12/site-packages/flashinfer/data/include -isystem /home/arnur/fp4-speech/.venv/lib/python3.12/site-packages/flashinfer/data/csrc -isystem /home/arnur/fp4-speech/.venv/lib/python3.12/site-packages/flashinfer/data/cutlass/include -isystem /home/arnur/fp4-speech/.venv/lib/python3.12/site-packages/flashinfer/data/cutlass/tools/util/include -isystem /home/arnur/fp4-speech/.venv/lib/python3.12/site-packages/flashinfer/data/spdlog/include --compiler-options=-fPIC --expt-relaxed-constexpr -static-global-template-stub=false -DFLASHINFER_ENABLE_FP8_E8M0 -DFLASHINFER_ENABLE_FP4_E2M1 -std=c++17 --threads=1 -use_fast_math -DFLASHINFER_ENABLE_F16 -DFLASHINFER_ENABLE_BF16 -DFLASHINFER_ENABLE_FP8_E4M3 -DFLASHINFER_ENABLE_FP8_E5M2 -DNDEBUG -O3 -gencode=arch=compute_120f,code=sm_120f -DFLASHINFER_ENABLE_FP8_E8M0 -DFLASHINFER_ENABLE_FP4_E2M1 -DENABLE_BF16 -DENABLE_FP4 -DCUTLASS_ENABLE_GDC_FOR_SM100=1 -c /home/arnur/.cache/flashinfer/0.6.11.post2/120f/generated/gen_gemm_sm120_cutlass_fp4/fp4_gemm_cutlass_half_128_64_256.cu -o /home/arnur/.cache/flashinfer/0.6.11.post2/120f/cached_ops/fp4_gemm_cutlass_sm120/gen_gemm_sm120_cutlass_fp4_fp4_gemm_cutlass_half_128_64_256.cuda.o 
FAILED: [code=1] /home/arnur/.cache/flashinfer/0.6.11.post2/120f/cached_ops/fp4_gemm_cutlass_sm120/gen_gemm_sm120_cutlass_fp4_fp4_gemm_cutlass_half_128_64_256.cuda.o 
 /home/arnur/fp4-speech/.venv/lib/python3.12/site-packages/nvidia/cu13/bin/nvcc --generate-dependencies-with-compile -MF /home/arnur/.cache/flashinfer/0.6.11.post2/120f/cached_ops/fp4_gemm_cutlass_sm120/gen_gemm_sm120_cutlass_fp4_fp4_gemm_cutlass_half_128_64_256.cuda.o.d -DPy_LIMITED_API=0x03090000 -D_GLIBCXX_USE_CXX11_ABI=1 -I/home/arnur/fp4-speech/.venv/lib/python3.12/site-packages/flashinfer/data/cccl/cub -I/home/arnur/fp4-speech/.venv/lib/python3.12/site-packages/flashinfer/data/cccl/libcudacxx/include -I/home/arnur/fp4-speech/.venv/lib/python3.12/site-packages/flashinfer/data/cccl/thrust -isystem /usr/include/python3.12 -isystem /home/arnur/fp4-speech/.venv/lib/python3.12/site-packages/nvidia/cu13/include -isystem /home/arnur/fp4-speech/.venv/lib/python3.12/site-packages/tvm_ffi/include -isystem /home/arnur/fp4-speech/.venv/lib/python3.12/site-packages/tvm_ffi/include -isystem /home/arnur/fp4-speech/.venv/lib/python3.12/site-packages/flashinfer/data/include -isystem /home/arnur/fp4-speech/.venv/lib/python3.12/site-packages/flashinfer/data/csrc -isystem /home/arnur/fp4-speech/.venv/lib/python3.12/site-packages/flashinfer/data/cutlass/include -isystem /home/arnur/fp4-speech/.venv/lib/python3.12/site-packages/flashinfer/data/cutlass/tools/util/include -isystem /home/arnur/fp4-speech/.venv/lib/python3.12/site-packages/flashinfer/data/spdlog/include --compiler-options=-fPIC --expt-relaxed-constexpr -static-global-template-stub=false -DFLASHINFER_ENABLE_FP8_E8M0 -DFLASHINFER_ENABLE_FP4_E2M1 -std=c++17 --threads=1 -use_fast_math -DFLASHINFER_ENABLE_F16 -DFLASHINFER_ENABLE_BF16 -DFLASHINFER_ENABLE_FP8_E4M3 -DFLASHINFER_ENABLE_FP8_E5M2 -DNDEBUG -O3 -gencode=arch=compute_120f,code=sm_120f -DFLASHINFER_ENABLE_FP8_E8M0 -DFLASHINFER_ENABLE_FP4_E2M1 -DENABLE_BF16 -DENABLE_FP4 -DCUTLASS_ENABLE_GDC_FOR_SM100=1 -c /home/arnur/.cache/flashinfer/0.6.11.post2/120f/generated/gen_gemm_sm120_cutlass_fp4/fp4_gemm_cutlass_half_128_64_256.cu -o /home/arnur/.cache/flashinfer/0.6.11.post2/120f/cached_ops/fp4_gemm_cutlass_sm120/gen_gemm_sm120_cutlass_fp4_fp4_gemm_cutlass_half_128_64_256.cuda.o 
In file included from /home/arnur/fp4-speech/.venv/lib/python3.12/site-packages/flashinfer/data/cccl/libcudacxx/include/cuda/std/__cccl/extended_data_types.h:26,
                 from /home/arnur/fp4-speech/.venv/lib/python3.12/site-packages/flashinfer/data/cccl/libcudacxx/include/cuda/std/__cccl/builtin.h:26,
                 from /home/arnur/fp4-speech/.venv/lib/python3.12/site-packages/flashinfer/data/cccl/libcudacxx/include/cuda/std/__cccl/dialect.h:25,
                 from /home/arnur/fp4-speech/.venv/lib/python3.12/site-packages/flashinfer/data/cccl/libcudacxx/include/cuda/std/__cccl/attributes.h:26,
                 from /home/arnur/fp4-speech/.venv/lib/python3.12/site-packages/flashinfer/data/cccl/libcudacxx/include/cuda/std/__cccl/assert.h:25,
                 from /home/arnur/fp4-speech/.venv/lib/python3.12/site-packages/flashinfer/data/cccl/libcudacxx/include/cuda/__cccl_config:15,
                 from /home/arnur/fp4-speech/.venv/lib/python3.12/site-packages/flashinfer/data/cccl/libcudacxx/include/cuda/std/__internal/atomic.h:13,
                 from /home/arnur/fp4-speech/.venv/lib/python3.12/site-packages/flashinfer/data/cccl/libcudacxx/include/cuda/std/detail/__config:14,
                 from /home/arnur/fp4-speech/.venv/lib/python3.12/site-packages/flashinfer/data/cccl/libcudacxx/include/cuda/std/utility:14,
                 from /home/arnur/fp4-speech/.venv/lib/python3.12/site-packages/flashinfer/data/cutlass/include/cutlass/fast_math.h:42,
                 from /home/arnur/fp4-speech/.venv/lib/python3.12/site-packages/flashinfer/data/cutlass/include/cute/numeric/math.hpp:36,
                 from /home/arnur/fp4-speech/.venv/lib/python3.12/site-packages/flashinfer/data/cutlass/include/cute/numeric/integral_constant.hpp:33,
                 from /home/arnur/fp4-speech/.venv/lib/python3.12/site-packages/flashinfer/data/cutlass/include/cute/numeric/integer_sequence.hpp:35,
                 from /home/arnur/fp4-speech/.venv/lib/python3.12/site-packages/flashinfer/data/cutlass/include/cute/arch/util.hpp:34,
                 from /home/arnur/fp4-speech/.venv/lib/python3.12/site-packages/flashinfer/data/cutlass/include/cute/arch/copy.hpp:35,
                 from /home/arnur/fp4-speech/.venv/lib/python3.12/site-packages/flashinfer/data/cutlass/include/cutlass/epilogue/collective/collective_builder.hpp:33,
                 from /home/arnur/fp4-speech/.venv/lib/python3.12/site-packages/flashinfer/data/include/flashinfer/gemm/fp4_gemm_cutlass_template_sm120.h:27,
                 from /home/arnur/.cache/flashinfer/0.6.11.post2/120f/generated/gen_gemm_sm120_cutlass_fp4/fp4_gemm_cutlass_half_128_64_256.cu:18:
/home/arnur/fp4-speech/.venv/lib/python3.12/site-packages/flashinfer/data/cccl/libcudacxx/include/cuda/std/__cccl/cuda_toolkit.h:41:8: error: #error "CUDA compiler and CUDA toolkit headers are incompatible, please check your include paths"
   41 | #      error "CUDA compiler and CUDA toolkit headers are incompatible, please check your include paths"
      |        ^~~~~
[17/18]  /home/arnur/fp4-speech/.venv/lib/python3.12/site-packages/nvidia/cu13/bin/nvcc --generate-dependencies-with-compile -MF /home/arnur/.cache/flashinfer/0.6.11.post2/120f/cached_ops/fp4_gemm_cutlass_sm120/gen_gemm_sm120_cutlass_fp4_fp4_gemm_cutlass_half_128_64_128.cuda.o.d -DPy_LIMITED_API=0x03090000 -D_GLIBCXX_USE_CXX11_ABI=1 -I/home/arnur/fp4-speech/.venv/lib/python3.12/site-packages/flashinfer/data/cccl/cub -I/home/arnur/fp4-speech/.venv/lib/python3.12/site-packages/flashinfer/data/cccl/libcudacxx/include -I/home/arnur/fp4-speech/.venv/lib/python3.12/site-packages/flashinfer/data/cccl/thrust -isystem /usr/include/python3.12 -isystem /home/arnur/fp4-speech/.venv/lib/python3.12/site-packages/nvidia/cu13/include -isystem /home/arnur/fp4-speech/.venv/lib/python3.12/site-packages/tvm_ffi/include -isystem /home/arnur/fp4-speech/.venv/lib/python3.12/site-packages/tvm_ffi/include -isystem /home/arnur/fp4-speech/.venv/lib/python3.12/site-packages/flashinfer/data/include -isystem /home/arnur/fp4-speech/.venv/lib/python3.12/site-packages/flashinfer/data/csrc -isystem /home/arnur/fp4-speech/.venv/lib/python3.12/site-packages/flashinfer/data/cutlass/include -isystem /home/arnur/fp4-speech/.venv/lib/python3.12/site-packages/flashinfer/data/cutlass/tools/util/include -isystem /home/arnur/fp4-speech/.venv/lib/python3.12/site-packages/flashinfer/data/spdlog/include --compiler-options=-fPIC --expt-relaxed-constexpr -static-global-template-stub=false -DFLASHINFER_ENABLE_FP8_E8M0 -DFLASHINFER_ENABLE_FP4_E2M1 -std=c++17 --threads=1 -use_fast_math -DFLASHINFER_ENABLE_F16 -DFLASHINFER_ENABLE_BF16 -DFLASHINFER_ENABLE_FP8_E4M3 -DFLASHINFER_ENABLE_FP8_E5M2 -DNDEBUG -O3 -gencode=arch=compute_120f,code=sm_120f -DFLASHINFER_ENABLE_FP8_E8M0 -DFLASHINFER_ENABLE_FP4_E2M1 -DENABLE_BF16 -DENABLE_FP4 -DCUTLASS_ENABLE_GDC_FOR_SM100=1 -c /home/arnur/.cache/flashinfer/0.6.11.post2/120f/generated/gen_gemm_sm120_cutlass_fp4/fp4_gemm_cutlass_half_128_64_128.cu -o /home/arnur/.cache/flashinfer/0.6.11.post2/120f/cached_ops/fp4_gemm_cutlass_sm120/gen_gemm_sm120_cutlass_fp4_fp4_gemm_cutlass_half_128_64_128.cuda.o 
FAILED: [code=1] /home/arnur/.cache/flashinfer/0.6.11.post2/120f/cached_ops/fp4_gemm_cutlass_sm120/gen_gemm_sm120_cutlass_fp4_fp4_gemm_cutlass_half_128_64_128.cuda.o 
 /home/arnur/fp4-speech/.venv/lib/python3.12/site-packages/nvidia/cu13/bin/nvcc --generate-dependencies-with-compile -MF /home/arnur/.cache/flashinfer/0.6.11.post2/120f/cached_ops/fp4_gemm_cutlass_sm120/gen_gemm_sm120_cutlass_fp4_fp4_gemm_cutlass_half_128_64_128.cuda.o.d -DPy_LIMITED_API=0x03090000 -D_GLIBCXX_USE_CXX11_ABI=1 -I/home/arnur/fp4-speech/.venv/lib/python3.12/site-packages/flashinfer/data/cccl/cub -I/home/arnur/fp4-speech/.venv/lib/python3.12/site-packages/flashinfer/data/cccl/libcudacxx/include -I/home/arnur/fp4-speech/.venv/lib/python3.12/site-packages/flashinfer/data/cccl/thrust -isystem /usr/include/python3.12 -isystem /home/arnur/fp4-speech/.venv/lib/python3.12/site-packages/nvidia/cu13/include -isystem /home/arnur/fp4-speech/.venv/lib/python3.12/site-packages/tvm_ffi/include -isystem /home/arnur/fp4-speech/.venv/lib/python3.12/site-packages/tvm_ffi/include -isystem /home/arnur/fp4-speech/.venv/lib/python3.12/site-packages/flashinfer/data/include -isystem /home/arnur/fp4-speech/.venv/lib/python3.12/site-packages/flashinfer/data/csrc -isystem /home/arnur/fp4-speech/.venv/lib/python3.12/site-packages/flashinfer/data/cutlass/include -isystem /home/arnur/fp4-speech/.venv/lib/python3.12/site-packages/flashinfer/data/cutlass/tools/util/include -isystem /home/arnur/fp4-speech/.venv/lib/python3.12/site-packages/flashinfer/data/spdlog/include --compiler-options=-fPIC --expt-relaxed-constexpr -static-global-template-stub=false -DFLASHINFER_ENABLE_FP8_E8M0 -DFLASHINFER_ENABLE_FP4_E2M1 -std=c++17 --threads=1 -use_fast_math -DFLASHINFER_ENABLE_F16 -DFLASHINFER_ENABLE_BF16 -DFLASHINFER_ENABLE_FP8_E4M3 -DFLASHINFER_ENABLE_FP8_E5M2 -DNDEBUG -O3 -gencode=arch=compute_120f,code=sm_120f -DFLASHINFER_ENABLE_FP8_E8M0 -DFLASHINFER_ENABLE_FP4_E2M1 -DENABLE_BF16 -DENABLE_FP4 -DCUTLASS_ENABLE_GDC_FOR_SM100=1 -c /home/arnur/.cache/flashinfer/0.6.11.post2/120f/generated/gen_gemm_sm120_cutlass_fp4/fp4_gemm_cutlass_half_128_64_128.cu -o /home/arnur/.cache/flashinfer/0.6.11.post2/120f/cached_ops/fp4_gemm_cutlass_sm120/gen_gemm_sm120_cutlass_fp4_fp4_gemm_cutlass_half_128_64_128.cuda.o 
In file included from /home/arnur/fp4-speech/.venv/lib/python3.12/site-packages/flashinfer/data/cccl/libcudacxx/include/cuda/std/__cccl/extended_data_types.h:26,
                 from /home/arnur/fp4-speech/.venv/lib/python3.12/site-packages/flashinfer/data/cccl/libcudacxx/include/cuda/std/__cccl/builtin.h:26,
                 from /home/arnur/fp4-speech/.venv/lib/python3.12/site-packages/flashinfer/data/cccl/libcudacxx/include/cuda/std/__cccl/dialect.h:25,
                 from /home/arnur/fp4-speech/.venv/lib/python3.12/site-packages/flashinfer/data/cccl/libcudacxx/include/cuda/std/__cccl/attributes.h:26,
                 from /home/arnur/fp4-speech/.venv/lib/python3.12/site-packages/flashinfer/data/cccl/libcudacxx/include/cuda/std/__cccl/assert.h:25,
                 from /home/arnur/fp4-speech/.venv/lib/python3.12/site-packages/flashinfer/data/cccl/libcudacxx/include/cuda/__cccl_config:15,
                 from /home/arnur/fp4-speech/.venv/lib/python3.12/site-packages/flashinfer/data/cccl/libcudacxx/include/cuda/std/__internal/atomic.h:13,
                 from /home/arnur/fp4-speech/.venv/lib/python3.12/site-packages/flashinfer/data/cccl/libcudacxx/include/cuda/std/detail/__config:14,
                 from /home/arnur/fp4-speech/.venv/lib/python3.12/site-packages/flashinfer/data/cccl/libcudacxx/include/cuda/std/utility:14,
                 from /home/arnur/fp4-speech/.venv/lib/python3.12/site-packages/flashinfer/data/cutlass/include/cutlass/fast_math.h:42,
                 from /home/arnur/fp4-speech/.venv/lib/python3.12/site-packages/flashinfer/data/cutlass/include/cute/numeric/math.hpp:36,
                 from /home/arnur/fp4-speech/.venv/lib/python3.12/site-packages/flashinfer/data/cutlass/include/cute/numeric/integral_constant.hpp:33,
                 from /home/arnur/fp4-speech/.venv/lib/python3.12/site-packages/flashinfer/data/cutlass/include/cute/numeric/integer_sequence.hpp:35,
                 from /home/arnur/fp4-speech/.venv/lib/python3.12/site-packages/flashinfer/data/cutlass/include/cute/arch/util.hpp:34,
                 from /home/arnur/fp4-speech/.venv/lib/python3.12/site-packages/flashinfer/data/cutlass/include/cute/arch/copy.hpp:35,
                 from /home/arnur/fp4-speech/.venv/lib/python3.12/site-packages/flashinfer/data/cutlass/include/cutlass/epilogue/collective/collective_builder.hpp:33,
                 from /home/arnur/fp4-speech/.venv/lib/python3.12/site-packages/flashinfer/data/include/flashinfer/gemm/fp4_gemm_cutlass_template_sm120.h:27,
                 from /home/arnur/.cache/flashinfer/0.6.11.post2/120f/generated/gen_gemm_sm120_cutlass_fp4/fp4_gemm_cutlass_half_128_64_128.cu:18:
/home/arnur/fp4-speech/.venv/lib/python3.12/site-packages/flashinfer/data/cccl/libcudacxx/include/cuda/std/__cccl/cuda_toolkit.h:41:8: error: #error "CUDA compiler and CUDA toolkit headers are incompatible, please check your include paths"
   41 | #      error "CUDA compiler and CUDA toolkit headers are incompatible, please check your include paths"
      |        ^~~~~
ninja: build stopped: subcommand failed.

[rank0]:[W616 16:34:36.515750006 ProcessGroupNCCL.cpp:1575] Warning: WARNING: destroy_process_group() was not called before program exit, which can leak resources. For more info, please see https://pytorch.org/docs/stable/distributed.html#shutdown (function operator())
Traceback (most recent call last):
  File "/home/arnur/fp4-speech/orpheus/baseline_nvfp4.py", line 60, in <module>
    main()
  File "/home/arnur/fp4-speech/orpheus/baseline_nvfp4.py", line 12, in main
    llm = LLM(
          ^^^^
  File "/home/arnur/fp4-speech/.venv/lib/python3.12/site-packages/vllm/entrypoints/llm.py", line 349, in __init__
    self.llm_engine = LLMEngine.from_engine_args(
                      ^^^^^^^^^^^^^^^^^^^^^^^^^^^
  File "/home/arnur/fp4-speech/.venv/lib/python3.12/site-packages/vllm/v1/engine/llm_engine.py", line 170, in from_engine_args
    return cls(
           ^^^^
  File "/home/arnur/fp4-speech/.venv/lib/python3.12/site-packages/vllm/v1/engine/llm_engine.py", line 104, in __init__
    self.engine_core = EngineCoreClient.make_client(
                       ^^^^^^^^^^^^^^^^^^^^^^^^^^^^^
  File "/home/arnur/fp4-speech/.venv/lib/python3.12/site-packages/vllm/v1/engine/core_client.py", line 102, in make_client
    return SyncMPClient(vllm_config, executor_class, log_stats)
           ^^^^^^^^^^^^^^^^^^^^^^^^^^^^^^^^^^^^^^^^^^^^^^^^^^^^
  File "/home/arnur/fp4-speech/.venv/lib/python3.12/site-packages/vllm/tracing/otel.py", line 178, in sync_wrapper
    return func(*args, **kwargs)
           ^^^^^^^^^^^^^^^^^^^^^
  File "/home/arnur/fp4-speech/.venv/lib/python3.12/site-packages/vllm/v1/engine/core_client.py", line 755, in __init__
    super().__init__(
  File "/home/arnur/fp4-speech/.venv/lib/python3.12/site-packages/vllm/v1/engine/core_client.py", line 567, in __init__
    with launch_core_engines(
  File "/usr/lib/python3.12/contextlib.py", line 144, in __exit__
    next(self.gen)
  File "/home/arnur/fp4-speech/.venv/lib/python3.12/site-packages/vllm/v1/engine/utils.py", line 1150, in launch_core_engines
    wait_for_engine_startup(
  File "/home/arnur/fp4-speech/.venv/lib/python3.12/site-packages/vllm/v1/engine/utils.py", line 1209, in wait_for_engine_startup
    raise RuntimeError(
RuntimeError: Engine core initialization failed. See root cause above. Failed core proc(s): {}
